Metabolite,Log2FC,p.adj,t.val,786-M2A_1,786-M2A_2,786-M2A_3,HK2_1,HK2_2,HK2_3,HMDB,KEGG.ID,KEGGCompound,Pathway
2-aminoadipic acid,-0.11309937370017063,0.5317801846916667,509790.8595185755,6136730.297572297,6228218.079617953,6389024.415602941,5801815.74705842,7322390.029516717,7159139.594773779,HMDB0302754,NA,NA,Not assigned
2-hydroxyglutarate,0.9969024086243748,3.2413474337356085e-5,-221812781.08133277,438371417.993719,432236949.0553113,463135058.71533227,188417804.98840874,228825446.05853468,251061831.47342074,HMDB0059655,C02630,2-Hydroxyglutarate,Citrate cycle (TCA cycle)
2-ketoglutarate,1.1814415025353895,3.189827017979763e-5,-487354488.5322171,844281226.9222186,885890420.1987026,884908892.7670212,326367919.0612345,366703618.38283235,459945536.84722406,HMDB0000208,C00026,2-Oxoglutarate,Citrate cycle (TCA cycle)
2/3-phosphoglycerate,0.5160468272087672,0.009670576471710435,-13331492.518434208,45783711.69092743,44241236.86742496,42973150.10428792,30931592.11039721,32564866.74577208,29507162.251168396,HMDB0060180,C00197,3-Phospho-D-glycerate,Glycolysis / Gluconeogenesis
4-guanidinobutanoate,-1.0867803105901435,2.2716240457520964e-4,2278854.8141509257,2623110.191975591,1980782.1062262983,1478487.938474802,4418820.278692217,4133882.632325991,4366241.76811126,HMDB0003464,C01035,4-Guanidinobutanoate,Arginine and proline metabolism
4-hydroxyphenyllactate,-0.8356226254402833,1.1172167735384875e-7,1782341.172934624,2253523.0449382933,2334933.1156193437,2226276.2772824755,3963104.396311364,3971958.327485327,4226693.232847293,HMDB0000755,C03672,3-(4-Hydroxyphenyl)lactate,Not assigned
5-aminolevulinic acid,-0.06707205604269804,0.9355743768448747,205813.88521192875,4109373.6420193156,4097770.6851488007,4767467.806211521,4028434.8913623346,4373206.792880485,5190412.104772604,HMDB0001149,C00430,5-Aminolevulinate,Not assigned
5-aminovaleric acid*,0.5441222701856507,0.026188550453078552,-18937841.938088194,64322546.22765458,63464217.13910441,53037763.07063629,39898613.11678304,43445126.01430965,40667261.492038004,NA,NA,NA,Not assigned
5-methylthioadenosine (MTA),-0.49036626045924964,0.08314761204984789,7216595.57782574,13835955.032204792,17779457.05307773,21867068.328531235,24864886.369197316,22428867.431872092,27838513.346221577,HMDB0001173,C00170,5'-Methylthioadenosine,Cysteine and methionine metabolism
6-phosphogluconate,0.0919926061814027,0.9943397932784328,-81613.56450027064,701878.1864949798,2072529.0237329656,1189084.111773641,1061037.696400131,1255715.2942653522,1401897.637835291,HMDB0001316,C00345,6-Phospho-D-gluconate,Pentose phosphate pathway
acetyl-CoA,0.29394642426806955,0.24946749939028956,-609406.717301942,3106470.8295376785,3353348.6144985175,3458252.310908491,2894328.7713225037,2296943.6999828173,2898579.13173354,HMDB0001206,C00024,Acetyl-CoA,Citrate cycle (TCA cycle)
acetylcarnitine,0.03630942072129272,0.9991759560932206,-107237752.44526243,3917688766.622584,4199346145.2047434,4827242951.943861,5947039757.544385,3143517363.0685353,3532007485.822482,HMDB0000201,C02571,O-Acetylcarnitine,Fatty acyl carnitines
acetylcholine,-0.6002073762980915,0.0014511434962474201,13277913.836481072,27084780.35605309,24435566.227225784,25686634.15376577,43890849.7424983,36981810.97523429,36168061.52875527,HMDB0000895,C01996,Acetylcholine,Glycerophospholipid metabolism
aconitate,0.9113317844002354,0.010240969356893892,-46633282.6895569,103718090.6253344,86529197.22531655,108488713.30588545,66710215.17746103,42899324.16116458,49226613.749240115,HMDB0000072,C00417,cis-Aconitate,Citrate cycle (TCA cycle)
adenosine,0.27185752998864193,0.8825876734618006,-2617923.147280181,17961179.81272607,11249213.300710725,16518174.29100538,13885363.061067138,11239887.710986592,12749547.190547906,HMDB0000050,C00212,Adenosine,Purine metabolism
ADP,0.18840688267378908,0.6305106076604163,-7063764.217435285,57649506.60665864,52069672.967205636,63375896.60751014,56618979.32349284,45298596.3474387,49986207.85813703,HMDB0001341,C00008,ADP,Purine metabolism
ADP-ribose,0.15045234410851466,0.3050548022999734,-183114.1497508895,1766339.0236442075,1927269.9152772,1853507.6424081828,1682394.6583686937,1676294.212276007,1639085.2614322207,HMDB0001178,C00301,ADP-ribose,Purine metabolism
alanine,-1.7747911451278549,1.6422859965170566e-5,611782762.8102105,260598556.1939587,257841193.2722925,239378447.14888605,1000105967.040037,857373599.8341249,735686918.171607,HMDB0000161,C00041,L-Alanine,Amino acid metabolism
AMP,0.329777905876023,0.011392070370401464,-3567777.746624181,18582462.765877966,15722224.419960652,18075066.298165232,13918047.786597364,13253745.272451162,14504627.18508278,HMDB0000045,C00020,AMP,Purine metabolism
arginine,0.28552231092527,0.3310148520880294,-22149929.60873626,117597851.37784283,142176441.03355423,110305138.24660341,89109569.06073956,87373746.52511092,127146326.24594118,HMDB0000517,C00062,L-Arginine,Amino acid metabolism
argininosuccinate,-0.7497889099922611,5.065521780556193e-4,225046.9222846052,363696.38572051434,301516.03969324677,325388.35512230266,617283.9590149549,553005.4654034246,495452.12297149975,HMDB0000052,C03406,N-(L-Arginino)succinate,"Alanine, aspartate and glutamate metabolism"
asparagine,-1.6467893146992438,4.110884854746644e-9,67409644.91851151,29972242.64860835,34596149.15951291,30314193.94994133,100771574.11302581,101548392.1878556,94791554.2127157,HMDB0000168,C00152,L-Asparagine,Amino acid metabolism
aspartate,0.635703627743717,5.84943516871439e-5,-594008183.3029997,1696344892.8208294,1701187155.9710128,1602913271.6387734,964215886.9345051,1173661258.3857214,1080543625.2013896,HMDB0000191,C00049,L-Aspartate,Amino acid metabolism
ATP,0.1520852297277206,0.9404668448624295,-24496026.857645422,240116502.52052957,217447760.87725037,276940198.2509201,280356916.6377145,172910971.9130523,207748492.524997,HMDB0000538,C00002,ATP,Purine metabolism
beta-alanine,-1.1038437552408924,1.7254520661258432e-5,57328826.299753,51363609.46699911,50614440.33752708,47670981.6627601,117847309.70745346,108571737.92441678,95216462.73467511,HMDB0000056,C00099,beta-Alanine,Pyrimidine metabolism
beta-citrylglutamic acid,-0.08577269889369474,0.5677790094655666,13034932.323194027,224744127.47013715,209096748.68905076,204542340.87103343,223143700.2714219,226366147.95170912,227978165.77667236,HMDB0013220,NA,NA,Not assigned
betaine,-1.0558323014868687,1.0677040848228181e-5,3559434492.4233756,3146725409.416718,3567101268.9033403,3183414224.66025,7194708605.472221,6606221432.140499,6774614342.637717,HMDB0000043,C00719,Betaine,Not assigned
butyrylcarnitine C4,-0.6792105470561827,7.599445213610778e-4,315638109.4782496,483097512.524765,539337311.1569917,552439844.0380551,855908527.6744871,919639157.0599055,746241311.4201679,HMDB0002013,C02862,NA,Fatty acyl carnitines
cAMP,-0.0335390614326449,0.9736730734055996,9934.725000299048,420519.3548434216,438984.41302773653,407689.41332250764,439278.72440251725,424593.8691450439,433124.76264700183,HMDB0000058,C00575,Cyclic AMP,Purine metabolism
carnitinamide,0.25043481887894264,0.011100957477122031,-501291.92704295926,3142924.878703026,3170543.0415038085,3123682.0098970053,2741568.915092207,2471171.5478478028,2720533.6860349523,NA,C02290,L-Carnitinamide,Not assigned
carnitine,0.35416074485264054,0.08344791997773116,-3347905370.822481,16800806497.77516,15335501209.431393,14004489976.68514,14164377440.86277,11991811961.031275,9940892169.530205,NA,C00487,Carnitine,Fatty acyl carnitines
carnosine,0.12173946456649389,0.961042505107742,-762100.6322500594,9035860.539411053,11705465.486669645,7512124.873793153,7123793.576709347,7167033.27699385,11676322.149420476,HMDB0000033,C00386,Carnosine,Not assigned
CDP,0.17602214315950807,0.9698977506662778,-611419.0714624831,6847267.763587825,4634165.127058544,4488095.855655168,6911889.621859547,3342933.181964995,3880448.728089546,HMDB0001546,C00112,CDP,Pyrimidine metabolism
CDP-ethanolamine,-1.205557815858383,0.0027283117480074726,4295432.43296657,3524156.571220037,3744577.0355813517,2596266.8697258863,9615337.944837831,7007144.060533766,6128815.77005539,HMDB0001564,C00570,CDP-ethanolamine,Glycerophospholipid metabolism
choline,0.249627646454111,0.23397938237195937,-116019832.25625789,780639518.4978998,669318439.5338576,740658879.9903922,702639154.9634095,565866917.2691693,574051269.020797,HMDB0000097,C00114,Choline,Glycerophospholipid metabolism
citicoline,-0.8848205134101672,9.501655381383145e-7,9513108.337931393,10488394.775513731,12156634.50607685,11068082.528509714,19924586.54093399,20523734.32857968,21804115.954380795,HMDB0001413,C00307,CDP-choline,Glycerophospholipid metabolism
citrate,0.4940673651675342,0.009559036295350598,-580395299.3551638,1979318402.7222466,1917542101.6236787,2107653770.1998737,1598687203.3321278,1234621472.606232,1430019700.5419478,HMDB0000094,C00158,Citrate,Citrate cycle (TCA cycle)
citrulline,-0.4606647272386875,4.1815906361653e-5,105572292.52884883,276278924.25937396,306560942.4843365,259098714.69830295,384972174.8592326,381069603.96919626,392613680.20013094,HMDB0000904,C00327,L-Citrulline,Arginine and proline metabolism
CMP,0.23907339456705257,0.9742252155766554,-147107.6941878479,1510952.956755994,687929.2486938405,691047.3660370874,1338784.622385804,529560.8126419737,580261.0538955999,HMDB0000095,C00055,CMP,Pyrimidine metabolism
CMP-2-aminoethylphosphonate,0.06866216003904199,0.9668185542622484,-134361.8639963679,3034728.8633142225,3353468.910960945,2284376.930843015,2890089.0445612245,3027421.651733919,2351978.4168339353,HMDB0060067,C05673,CMP-2-aminoethylphosphonate,Not assigned
CMP-acetylneuraminic acid,0.16804036264111155,0.09611976554228352,-818012.3716483805,7188242.174476192,7699123.235899775,7432377.00814479,6634164.87410117,6843428.7035072995,6388111.725967146,HMDB0001176,C00128,CMP-N-acetylneuraminate,Not assigned
creatine,0.3233394906738266,0.002547277184967389,-8814600337.84935,44957306942.68643,42944448096.96912,43802115821.53539,31507318577.208332,35929464750.36107,37823286520.07349,HMDB0000064,C00300,Creatine,Arginine and proline metabolism
creatinine,0.167763969565377,0.3987186076138223,-197494332.63237143,1779772902.0836525,2001518352.4234204,1615778928.6354716,1499168576.2465682,1492781436.11971,1812637172.8791525,HMDB0000562,C00791,Creatinine,Arginine and proline metabolism
CTP,0.19358196279600637,0.9673455867331842,-1655497.0439303685,15987465.172929306,11961382.977421623,11603343.170369383,17275778.74530211,7801125.00994234,9508796.433684751,HMDB0000082,C00063,CTP,Pyrimidine metabolism
cyclic ADP-ribose,0.15118616129099371,0.022720712111968244,-1957245.354385905,18834160.38710643,19809819.904758666,20374239.356033627,18307142.348229207,17492036.09509609,17347305.141415715,HMDB0249529,C13050,Cyclic ADP-ribose,Purine metabolism
cystathionine,-4.479278954491133,1.6678969713135317e-6,6255197.418568714,235966.46577123564,359699.5225702725,285151.3818283665,7512091.2491059825,6612123.546208096,5522194.830561944,HMDB0000099,C02291,L-Cystathionine,Cysteine and methionine metabolism
cysteic acid,1.9500905963716926,3.0428421206918355e-4,-339773.4562260611,375293.5527489045,478387.84266125737,521548.42024939624,109495.39074448429,105348.66835751571,141065.38787937473,HMDB0002757,C00506,L-Cysteate,Cysteine and methionine metabolism
cysteinylglycine,-0.8753904038486141,6.319784406827456e-4,9915697.61182843,12997895.466325391,12658122.162590114,9990398.456740167,23351149.882005226,21940313.78455212,20102045.25458362,HMDB0000078,C01419,Cys-Gly,Glutathione metabolism
cytidine,0.19927167011911887,0.7521789249057642,-498892.1664393046,3433407.933751079,3583744.0486586164,4584106.744055495,3392418.8806039067,2830448.361585063,3881714.984958306,HMDB0000089,C00475,Cytidine,Pyrimidine metabolism
cytosine,0.21409543886474405,0.33531211692960794,-521727.08163012564,3781132.7245020317,3464190.675021631,4103684.4683891805,3030263.337344597,3003927.099163374,3749636.1865144954,HMDB0000630,C00380,Cytosine,Pyrimidine metabolism
dATP,-0.30858349633128934,0.9094759057931704,72284.303282955545,262646.57140375685,227996.24244018743,418627.65215031174,558551.623450964,233062.80256890913,334508.9498232497,HMDB0001532,C00131,dATP,Purine metabolism
dCTP,0.028903599606966045,0.9999581726042651,-7169.772457899118,395556.1325820688,314092.6339729836,374758.4429854395,620847.135463977,183590.28998645325,258460.4667163642,HMDB0000998,C00458,dCTP,Pyrimidine metabolism
deoxyadenosine,0.1474584128677566,0.9718264439908794,-55700.658585162775,592390.1447884216,457787.885522515,669678.5948579579,480532.1813079952,387237.55350168986,684984.9146037211,HMDB0000101,C00559,Deoxyadenosine,Purine metabolism
deoxycytidine,-0.0605954455672874,0.9852329808616828,208191.20024636202,5518797.826063472,4333013.108260823,4708335.187560364,5920548.101815394,4417177.641656774,4846993.979151578,HMDB0000014,C00881,Deoxycytidine,Pyrimidine metabolism
deoxyribose 5-phosphate,2.0715569897311186,6.356931601003701e-6,-2136102.311553868,2781785.0286487583,3024220.333008739,2602771.5566509184,761603.1526685259,745670.8854424618,493195.9455358244,HMDB0001031,C00673,2-Deoxy-D-ribose 5-phosphate,Pentose phosphate pathway
dihydroorotate,1.0575116974438292,0.35922849909792687,-29113877.98167571,18983080.41545026,86095033.78933793,63035289.798730604,19478639.727127578,47944721.15379158,13348409.177572515,HMDB0003349,C00337,(S)-Dihydroorotate,Pyrimidine metabolism
dihydroxyacetone phosphate,0.6738422551988671,0.010587564814596218,-21592977.30403859,57973766.62551909,60440627.29046261,55178895.103624254,35784384.42383611,37493731.596996024,35536241.086658046,HMDB0001473,C00111,Glycerone phosphate,Glycolysis / Gluconeogenesis
dimethylarginine (ADMA+SDMA),-0.057513119789499,0.9425693128744602,289555.5519799357,7164024.278570717,7790091.07333548,6404614.320751123,7913502.801051119,6472579.795325637,7841313.732220371,NA,NA,NA,Not assigned
dTTP,-0.06014467638366758,0.9934865666126974,143710.87032900704,3566525.0298099546,3242700.8299542214,3318317.1339723836,4487385.1390933255,3003722.798630532,3067567.666999723,HMDB0001342,C00459,dTTP,Pyrimidine metabolism
FAD,1.070201676240455,0.045371727055282474,-592369.1543129943,1228305.4479627025,886122.4946262324,1278633.0001694697,618750.6275313355,379446.5154110475,617756.3368770388,HMDB0001248,C00016,FAD,Vitamin digestion and absorption
fructose,0.9828050816209315,9.750124972228713e-4,-5428494.122440285,11932668.891549759,11775581.145208487,9257977.085517434,5105695.149313892,4912476.496948946,6662573.108691984,HMDB0000660,C02336,beta-D-Fructose,Not assigned
"fructose 1,6-bisphosphate",0.2554786450322232,0.09419710880194976,-3061128.980556613,17605340.781105895,21216975.006088123,17763668.8193834,14727001.297493838,16309296.751824075,16366299.615589669,HMDB0001058,C00354,"D-Fructose 1,6-bisphosphate",Glycolysis / Gluconeogenesis
fructose 6-Phosphate,0.5754017413657878,0.01644610274647773,-2292225.5636657067,5833210.894191211,8301933.110542881,6772922.398017429,4422697.632262434,4913412.278517026,4695279.80097494,HMDB0000124,C00085,D-Fructose 6-phosphate,Not assigned
fumarate,-0.0614461070380909,0.9252295995466653,4720683.348712787,121533502.86899027,94538741.07047878,109408203.90640287,106582182.00952473,114559050.9857027,118501264.89678286,HMDB0000134,C00122,Fumarate,Citrate cycle (TCA cycle)
GDP,0.5239505999407589,0.5185915978010778,-2280938.596089592,8344102.008254062,6175671.365906951,7949930.524088604,7083787.409741229,4029030.292849982,4514070.407389631,HMDB0001201,C00035,GDP,Purine metabolism
GDP-hexose,0.6120292933498386,0.01095446323740834,-496776.16195657453,1380650.4226815691,1405522.8377038545,1524570.0248963805,867391.9720145444,900009.8891638964,1053012.9382336393,NA,NA,NA,Purine metabolism
gluconate,-3.126451400398926,4.343249260241322e-8,2494462313.467168,278986120.606099,354661671.5828052,334092915.65814227,2985441445.589424,2931277222.4822855,2534408980.176841,HMDB0000625,C00257,D-Gluconic acid,Pentose phosphate pathway
glucose,0.632814982609251,0.41775157158360565,-17251977.667160995,44270259.720038,64768161.27641043,36718790.061054476,18410559.681380317,22268182.158028547,53322536.21661105,HMDB0003345,C00267,alpha-D-Glucose,Glycolysis / Gluconeogenesis
glucose 1-phosphate,-0.4089322011461218,0.012076597513538734,518155.6005004884,1287734.5030263043,1737284.9948877762,1718507.2018616747,2066096.5760355857,2108934.6986812283,2122962.226560406,HMDB0001586,C00103,D-Glucose 1-phosphate,Glycolysis / Gluconeogenesis
glucose 6-phosphate,0.7163260686761433,0.11214051295875105,-5850661.696748745,10765292.451237679,20265947.65660875,13818076.879142206,7478831.9784780815,9361106.45499942,10457393.463264892,HMDB0001401,C00092,D-Glucose 6-phosphate,Glycolysis / Gluconeogenesis
glucuronic acid,-0.05594652311257228,0.9793824703721595,292690.2252045823,7503049.46058301,7442055.121315719,7261538.257309402,9162723.897767568,7820849.141075864,6101140.475978446,HMDB0000127,C00191,D-Glucuronate,Not assigned
glutamate,0.42773643534855,1.6347705650510136e-4,-2591378836.953313,10131674599.49347,10251511046.069832,9916750340.318579,6963813663.706854,7962084412.834583,7599901398.480502,HMDB0000148,C00025,L-Glutamate,Amino acid metabolism
glutamine,-0.17905261783380857,0.8314942330015804,163035111.37675738,1153689019.3098812,1419630477.1475363,1128092801.0835588,998301998.4840952,1424528207.064766,1767687426.1223876,HMDB0000641,C00064,L-Glutamine,Amino acid metabolism
glutamylcysteine,-1.3983426164625035,6.093878128177188e-4,588138.7692894092,439717.0126777053,415860.4016136895,222926.0009994148,925851.7590620812,983351.3362581602,933716.627838796,HMDB0001049,C00669,gamma-L-Glutamyl-L-cysteine,Glutathione metabolism
glutamylglutamate,0.44238548543227596,0.05103956962973932,-926049.3827269818,3778631.852277754,3646275.53496815,3095064.4412032813,2338642.7370296516,2763773.0317380964,2639407.9115004907,HMDB0028818,C01425,Glutamyl-glutamic acid,Amino acid metabolism
glutamyllysine,0.13366362432664736,0.9022827544210179,-53130.7203828292,622709.404348208,595718.7251526286,582893.7664185655,498063.10182107997,515364.40875978826,628502.2241900461,HMDB0004207,NA,NA,Amino acid metabolism
glutamylthreonine,0.5395301891467783,0.003413875475638095,-1598297.0459551732,5627827.504211189,5118266.743200269,4621896.199530085,3076087.7676791353,3888294.3005895438,3608717.2408073423,HMDB0028829,NA,NA,Not assigned
glutathione,-0.7225871834075771,4.867489405442349e-4,1123590837.911593,1853440001.0416493,1803322158.1699924,1527936374.7912226,2991259609.4306803,2849597129.5493717,2714614308.7575903,HMDB0000125,C00051,Glutathione,Glutathione metabolism
glutathione oxidized,-1.2315748161710078,1.3228392676034595e-5,4272301.145251358,3252353.4175419803,3379889.1920470432,2874211.4088018565,7699334.0923257,7339262.4530668855,7284760.908752368,HMDB0003337,C00127,Glutathione disulfide,Glutathione metabolism
Gly-Gly,-0.9505928477770158,2.4219425570959352e-5,918045.5187603127,932660.6564685961,1002359.1152151906,1017950.0244761921,1735100.192780382,1856919.0507682383,2115087.1088922974,HMDB0011733,C02037,N-Glycylglycine,Amino acid metabolism
glyceraldehyde 3-phosphate,-0.12102446234216521,0.83296526543573,1459374.5899405591,15440581.377804471,14555412.966518816,20035800.27557162,17854683.82319203,17626646.95129502,18928587.615229536,HMDB0001112,C00118,D-Glyceraldehyde 3-phosphate,Glycolysis / Gluconeogenesis
glycerol 3-phosphate,-9.019604238098306e-4,0.9999998101818499,13462.625309657305,17801460.47082418,25350177.693041347,21428995.91091787,19833236.967378315,22780687.66511175,22007097.318222307,HMDB0000126,C00093,sn-Glycerol 3-phosphate,Glycerophospholipid metabolism
glycerophosphocholine,1.100113975015147,1.8391222549318798e-5,-11269911939.034517,19399123778.613167,20843379081.91518,23128529366.528885,8863157095.783134,9516495699.96221,11181643614.208332,HMDB0000086,C00670,sn-Glycero-3-phosphocholine,Glycerophospholipid metabolism
glycerophosphoethanolamine,-0.27817009364214373,0.004111704092272461,56628626.84173685,263284864.59392285,263614809.95647737,271977639.7509706,343422034.9558696,308364353.47617006,316976806.39454174,HMDB0000114,C01233,sn-Glycero-3-phosphoethanolamine,Glycerophospholipid metabolism
glycerophosphoinositol,-2.0361483560194764,2.4240209042369898e-4,67824662.98314233,32855091.532010898,17157045.630952436,15593085.889814682,106750581.32585928,86435401.62453645,75893229.05180928,HMDB0011649,C01225,sn-Glycero-3-phospho-1-inositol,Not assigned
glycine,-2.495926752619344,7.817332337012317e-10,19369908.397829305,3487743.1423933767,4544009.677862988,4489451.491435486,24401002.44396119,23659708.249379575,22570218.811839003,HMDB0000123,C00037,Glycine,Amino acid metabolism
GMP,0.3598046617693385,0.7356835082706847,-450352.0158191945,2318241.654099859,1582479.2970885898,2220135.1312786713,2017508.5124120293,1281797.722064003,1470493.8005335042,HMDB0001397,C00144,GMP,Purine metabolism
GTP,0.46957550679463056,0.6404317702996406,-2846102.627766217,11161339.121915013,8814035.474063419,10757536.792846251,10151090.292484857,5734975.388233503,6308537.824807668,HMDB0001273,C00044,GTP,Purine metabolism
guanosine,0.6686637634761061,0.27433191117251865,-396933.79316250165,1035288.7908605229,886982.8673023897,1288206.4702067228,645845.0290373131,644836.9206029368,728994.799241881,HMDB0000133,C00387,Guanosine,Purine metabolism
hexanoylcarnitine C6,-0.6816000181470221,0.006677390851758114,2140018.378927354,3604729.7219620543,3930114.783157648,3095836.293162229,5003534.183356665,6791551.739747195,5255650.011960134,NA,NA,NA,NA
hexenoylcarnitine C6:1,0.20492456153067137,0.6234097620156647,-249666.88061332423,1967044.9596513503,1852935.4385426266,1836442.8091788392,1481233.7059101544,1995033.0569882237,1431155.8026344655,NA,NA,NA,Fatty acyl carnitines
hexosamine phosphate,-1.360972139212838,7.542383611369718e-5,8527796.619670536,5151789.6734448355,5983969.454742797,5174124.340193169,16270968.806392191,13739096.579247186,11883207.94175303,NA,NA,NA,Not assigned
hippuric acid-d5,0.39820747533568907,0.014876613952942264,-1029664902.3109694,4796131050.452511,3846160365.4183016,4164512249.363417,3171399129.7409153,3180479423.4872866,3365930405.0731206,NA,NA,NA,NA
histidine,-0.6961077840246563,8.901900418911701e-6,274013632.41605014,443132177.69744056,487410612.5402803,395055989.41150355,737541468.6841764,692348663.2141457,717749544.9990528,HMDB0000177,C00135,L-Histidine,Amino acid metabolism
homoarginine,0.09087316961188349,0.9163238397424409,-105524.30776496814,1643334.6978073462,2060299.1285788028,1482200.1808245014,1595295.7317920737,1435407.9536713702,1838557.398452302,HMDB0000670,C01924,L-Homoarginine,Arginine and proline metabolism
hypotaurine,0.6753679876323702,0.0021309576491935767,-510137.93646277254,1452214.1010343814,1264935.940388112,1376753.5188324726,1028281.1313491138,807591.0817826381,727617.5377348966,HMDB0000965,C00519,Hypotaurine,Not assigned
hypoxanthine,-0.6680827892644694,0.8669577425225589,1538991.471729028,3132852.33904369,2044983.0450629354,2661363.491561169,2307248.108573756,2125909.146726094,8023016.0355550265,HMDB0000157,C00262,Hypoxanthine,Purine metabolism
IMP,0.2520243142689639,0.8897621410346357,-80056.52598203567,678487.5778497068,522550.4985210333,297374.6595139366,489397.02936692117,402330.8830366517,366515.24553499673,HMDB0000175,C00130,IMP,Purine metabolism
indole,-0.4877849545936595,7.093118471988014e-4,266426.1331882761,634057.5779214468,726854.4473664232,625908.3722209187,991255.5537354647,847496.2107413858,947347.0325967661,HMDB0000738,C00463,Indole,Not assigned
indole-3-lactate,-0.767451105145105,0.006207436444079284,226902.52378367598,271314.35228268616,394303.40515124146,303692.6378220663,635862.5788197522,500994.775864438,513160.6119228316,HMDB0000671,C02043,Indolelactate,Not assigned
inosine,-0.027713738964023894,0.999309218741514,15042.159543997026,956558.1722937862,753538.4775284202,616562.9644002757,719841.5179009907,620400.613612008,1031543.9613414744,HMDB0000195,C00294,Inosine,Purine metabolism
isoleucine,-0.19516334247761982,0.21856134660767723,62492552.19842619,416453774.47378755,486084616.3127767,391716162.4027015,470955902.4518429,462226339.101563,548549968.2311382,HMDB0000172,C00407,L-Isoleucine,"Valine, leucine and isoleucine biosynthesis"
isovalerylcarnitine,1.1128431578307267,0.0011910257312658379,-18993926.95784605,37556308.511655554,34721775.048566125,33711244.740884714,19753215.060225777,15537391.199371755,13716941.167970723,HMDB0000688,C20826,Isovalerylcarnitine,Fatty acyl carnitines
KMV,0.14537317012363143,0.9400996512783545,-448094.5988488002,4501577.704040937,5445482.608657614,4077148.3328618314,3605000.643894498,2919326.029661359,6155598.175458126,NA,NA,NA,"Valine, leucine and isoleucine biosynthesis"
lactate,0.2288326663449071,0.3646300815081627,-99393598.01946497,663746220.3415704,733610904.0879432,635579163.1486976,565048879.3842682,499136449.8110773,670570164.3244711,HMDB0000190,C00186,(S)-Lactate,Glycolysis / Gluconeogenesis
leucine,-0.29768626553008903,0.02411371327825229,110747025.38857722,457818920.7255788,546731948.7407305,445197558.6931679,577249919.7232254,564558365.2599294,640181219.3420541,HMDB0000687,C00123,L-Leucine,"Valine, leucine and isoleucine biosynthesis"
lysine,0.21242504755308173,0.5143195250868472,-4733733.048454866,32784356.451738797,40915391.01842973,30023174.65613997,27919226.332496747,25870670.99875851,35731825.64968864,HMDB0000182,C00047,L-Lysine,Amino acid metabolism
malate,-0.03668889501740182,0.9829734723625135,51447567.923345566,2247800755.9260054,1746912464.795599,1997566513.2904422,1940397414.0010614,2064435996.6521761,2141789027.128846,HMDB0000156,C00149,(S)-Malate,Citrate cycle (TCA cycle)
malonate,0.02787052186018003,0.998655737100707,-127224.81424138788,7052035.19937717,6647626.8150543785,6248858.729565367,5918003.152066566,6198577.345465461,7450265.803740727,HMDB0000691,C00383,Malonate,Pyrimidine metabolism
malonylcarnitine C3-DC,2.8408114514348206,1.4116104617600822e-4,-1253658.3551867497,1605709.074845803,1473984.1597678952,1291410.8624857464,268572.0401648358,143914.95415482865,197642.03721953163,HMDB0002095,NA,NA,Fatty acyl carnitines
mesaconate,1.085240027647199,2.9631454886769326e-5,-18553395.662286475,33626812.70303751,33962804.70057857,37690588.35508647,14951797.286621094,16354894.210955521,18313327.2742665,HMDB0000749,C01732,Mesaconate,Citrate cycle (TCA cycle)
methionine,-0.648023732588906,2.6265308080675176e-4,54426923.67433977,89234618.82166141,110450217.35831012,88278070.61747868,144315072.62163788,146980149.00732484,159948456.1915068,HMDB0000696,C00073,L-Methionine,Amino acid metabolism
methionine sulfoxide,-0.8365233877474462,0.0015977745749171657,279118.5061301596,345455.74126940826,350433.64151216805,369798.68671520683,617546.5113233512,623903.4048387175,661593.6717251933,HMDB0002005,C02989,L-Methionine S-oxide,Cysteine and methionine metabolism
methylhistidine,-0.26175749298289003,0.030008280455944503,7615313.2755290195,37780586.996401794,43152520.08561608,33906179.86410508,46537469.41951008,43426917.520607844,47720839.83259211,HMDB0000001,C01152,N(pi)-Methyl-L-histidine,Amino acid metabolism
methylindole,-0.3185285324649988,7.632163229749356e-4,537167.5822880729,2084136.94885364,2336211.4338841783,2102423.331851425,2724280.199259283,2607979.0611661547,2802015.2010280243,HMDB0000466,C08313,Skatole,Not assigned
methylmalonylcarnitine C3-DC-M/succinylcarnitine C4-DC,2.5490431503885063,1.231626345354897e-8,-41927737.51144421,51831477.718779,50726069.78197742,49147200.60206419,9423708.801231073,8611878.674992878,7885948.092264017,NA,NA,NA,Fatty acyl carnitines
mevalonic acid 5-pyrophosphate,0.32141558754042343,0.9562938833187147,-68154.17795101053,406338.19985836535,480088.9286167622,137340.54450482092,344295.77880786045,168581.46579387318,306427.8945251832,NA,NA,NA,Not assigned
myo-inositol,1.8083762901986558,6.920463716530989e-7,-205123301.3747923,285687452.52617973,266718785.79596478,308867815.2699472,91206977.84354272,80653826.8917515,74043344.73242038,HMDB0000211,C00137,myo-Inositol,Not assigned
N-acetylalanine,-0.4323760251056327,2.3531058419901107e-5,4607991.979114808,12725229.733050711,13571210.280742673,13262321.884512575,18445570.275194325,17684057.45436725,17253110.106088813,HMDB0000766,NA,NA,Amino acid metabolism
N-acetylarginine,-3.04825372284928,2.7954111991856934e-7,2234347.915832166,328140.76277689234,274986.8528161542,318620.33025028795,2833531.3443113402,2380366.8541408377,2410893.494887656,HMDB0004620,NA,NA,Amino acid metabolism
N-acetylaspartate,-5.280189589630365,5.162537064506978e-14,2691306797.5277615,72442847.26116434,68674530.87462462,72143598.84884296,2717445461.7664695,2788055497.700552,2781680410.100898,HMDB0000812,C01042,N-Acetyl-L-aspartate,"Alanine, aspartate and glutamate metabolism"
N-acetylaspartylglutamate,-7.6870525102820535,1.938782467902911e-12,69290824.90564874,346983.6588758513,329483.3443781313,337155.2846900308,66586131.555138126,70708615.03149918,71591350.41825294,HMDB0001067,C12270,N-Acetylaspartylglutamate,"Alanine, aspartate and glutamate metabolism"
N-acetylglutamate,-1.7899813638426612,2.581768713261212e-7,88538108.35998051,34351438.95461381,35295774.427038535,38409360.9437972,113692991.0693326,125423252.25945614,134554656.07660237,HMDB0001138,C00624,N-Acetyl-L-glutamate,Amino acid metabolism
N-acetylglutamine,-2.027502281546532,3.811679527565559e-9,9836454.123487554,3140739.184526462,3217729.17180213,3231884.643799134,12373728.902959075,13474542.325723024,13251444.141908288,HMDB0006029,NA,NA,Amino acid metabolism
N-acetylhexosamine phosphate,0.6608023284672448,0.002083475824700254,-1069006.5358880693,3063267.6709248614,2739788.5327339526,2924155.4367406145,1982760.4938800083,1792756.5079721692,1744675.030883042,NA,NA,NA,Not assigned
N-acetylhistidine,-0.3081078385604779,0.7298829317006579,2796070.142568374,10586795.45815166,16295435.831518482,8350088.368955288,11759960.357723704,12170531.041538041,19690038.68706881,HMDB0032055,C02997,N-Acetyl-L-histidine,Amino acid metabolism
N-acetylmethionine,-1.3881262306779845,1.0596778245219873e-5,32542074.480769858,17854721.53484245,18700110.665084433,23805697.113700327,48453786.27093233,51397524.14329101,58135442.34171344,HMDB0011745,C02712,N-Acetylmethionine,Amino acid metabolism
N-acetylneuramic acid,1.0290853618085236,0.0019995888000047257,-7050592.566716198,15408802.729648102,13810130.383619266,12256825.303590875,5670631.961250786,7010638.578755089,7642710.17670377,HMDB0000230,C19910,N-Acetyl-beta-neuraminate,Not assigned
N-acetylornithine,-0.3137994997606089,0.0048666508534537245,3030265.402851086,12280622.78460714,13883752.738157753,11249863.166467935,15951194.51417923,14801961.59169342,15751878.791913442,NA,NA,NA,Amino acid metabolism
N-acetylserine,-0.8988052911677216,1.0387053205329622e-6,246148348.2321642,281635958.1088007,291878587.59634,280651835.7628578,566201699.1544132,524160845.61984664,502248881.39023113,HMDB0002931,NA,NA,Amino acid metabolism
N-carbamoylaspartate,1.4060589226566247,0.20477009004779312,-15336497.922853846,6952731.365063687,35214569.28897594,31724668.644085325,6458638.531769808,17592657.98362333,3831179.0141702686,HMDB0000828,C00438,N-Carbamoyl-L-aspartate,Pyrimidine metabolism
NAD,0.20907977323307372,0.005665094684626504,-27539397.40826124,192023008.26207912,209731181.69425407,210635482.7832358,178563109.1116566,180711542.77921087,170496828.62391782,HMDB0000902,C00003,NAD+,Oxidative phosphorylation
NADH,-1.0870898239458073,0.25396542124000543,839229.8065654692,1120895.86474365,522624.86367278633,595518.7906988979,2631484.0861968324,1014651.8528790363,1110592.9997358734,HMDB0001487,C00004,NADH,Oxidative phosphorylation
NADP,0.6744581868379336,0.044538070307976074,-714371.326149635,1447913.9353963064,2196710.3089513844,2094335.007563078,1153277.54458063,1395012.630065674,1047555.0988155608,HMDB0304435,C00006,NADP+,Glutathione metabolism
NADPH,0.9214320838242503,0.24141219331188435,-1304862.1130672926,3391589.5731508527,2135025.263659469,2766730.733994183,2108319.37127746,812000.8195947434,1458439.0407304238,HMDB0000221,C00005,NADPH,Glutathione metabolism
ophthalmate,-0.8199204017513168,1.1330949015730951e-6,75290932.37250122,103007749.9286924,97285861.5768406,94845891.01841561,174027560.62088725,181840397.44182804,165144341.57873696,HMDB0005765,C21016,Ophthalmate,Cysteine and methionine metabolism
ornithine,-1.581414279796709,6.238838173855399e-7,3786242.4943456603,1549200.8137101254,2139124.3785158247,2012042.2719177424,5279053.998089278,5976593.188436411,5803447.760654984,HMDB0000214,C00077,L-Ornithine,Amino acid metabolism
orotate,1.4057013578472883,0.3209329039527735,-148942818.08385873,35810691.69377353,324485556.6958458,357425077.58207154,35894670.353347376,191346122.15250075,43652079.21426653,HMDB0000226,C00295,Orotate,Pyrimidine metabolism
orotidine,1.9103599754825686,0.0017320499340978124,-595292028.5696663,1019723620.0680029,761696750.2387267,651740033.0883062,321761908.9707661,192657635.96941063,132864772.74586046,HMDB0000218,C01103,Orotidine 5'-phosphate,Pyrimidine metabolism
pantothenate,0.5184380538346285,0.0010892610875350428,-389096101.98805344,1187669246.2522166,1333225556.762493,1345927675.937875,784232784.1191497,963576666.2885969,951724722.5806777,HMDB0000210,C00864,Pantothenate,Vitamin digestion and absorption
pentose phosphates,0.029700947172484653,0.9866134485314448,-143558.25376161002,6850898.792440457,7715585.526458109,6569205.652184901,6149509.275393942,7199587.683623562,7355918.250781134,NA,NA,NA,Not assigned
phenylalanine,-0.2939347767250744,0.02525774935149816,61053583.97745842,258330724.46223825,302544025.61255634,249644815.47054935,324858634.3311088,307224248.3213374,361597434.825273,HMDB0000159,C00079,L-Phenylalanine,Amino acid metabolism
phosphocreatine,-9.188339858567932,1.0042927711673144e-8,416526433.49841297,754591.7680280991,865088.5562620269,525891.0881417933,406842317.8416164,454666369.413714,390216184.6523409,HMDB0001511,C02305,Phosphocreatine,Arginine and proline metabolism
phosphoenolpyruvate,0.7795315796263552,0.021704929359838254,-5171289.396276713,14652466.964646436,10906802.536987057,11604673.007546598,7641795.010121743,7345260.802984825,6663018.507243381,HMDB0000263,C00074,Phosphoenolpyruvate,Citrate cycle (TCA cycle)
phosphoethanolamine,-3.762086324275611,2.036041457653681e-8,110860453.07558739,7505810.138246396,12249175.66354695,6708553.708844735,125645043.51212476,125093590.01624677,108306265.20902878,HMDB0000224,C00346,Ethanolamine phosphate,Glycerophospholipid metabolism
phosphorylcholine,-1.3514754734468555,1.229570649408096e-6,11320727935.380407,6773442551.939053,7865122030.475628,7248098682.339077,19791526160.873768,19083497903.464085,16973823006.557129,HMDB0001565,C00588,Choline phosphate,Glycerophospholipid metabolism
proline,-0.7890225778592654,2.2201673377519882e-7,8443003829.121878,10876293861.91951,11895554399.172457,12025366498.743893,19570723886.277622,20403301752.979446,20152200607.94442,HMDB0000162,C00148,L-Proline,Amino acid metabolism
propionylcarnitine,-0.04147470222085484,0.9756579483108203,12109142.432893753,417808398.90707266,402569782.22713625,425192522.63662714,495435267.4813163,409676534.4747935,376786329.1134075,HMDB0000824,C03017,O-Propanoylcarnitine,Fatty acyl carnitines
pyroglutamic acid,-0.05273116715740576,0.9805346111773745,11484651.16584146,320515166.22184134,323794626.1034057,281208937.8307521,274178849.3216389,290280210.3600814,395513623.9718031,HMDB0000267,C01879,Pyroglutamic acid,Glutathione metabolism
pyruvate,0.6487704727327241,0.03654765011837424,-9863403.860557273,26589045.800407667,31126649.081888944,23985422.956810303,16538688.650834382,14243087.051368918,21329130.55523179,HMDB0000243,C00022,Pyruvate,Glycolysis / Gluconeogenesis
S-(2-succinyl)cysteine,-2.754432928136374,2.588827386641457e-4,486535.54450750235,87873.79831676144,121985.11860482553,44079.628103820134,689607.3617505024,614458.7425403954,409479.0742570168,NA,NA,NA,Not assigned
S-adenosylhomocysteine,-0.5145048788397218,0.0019219218806680871,2904794.0233775303,6740764.069376106,6887774.950047669,6708228.060070251,10794289.901573949,9673118.944802694,8583740.303249976,HMDB0000939,C00021,S-Adenosyl-L-homocysteine,Cysteine and methionine metabolism
S-adenosylmethionine,1.1510116301562405,1.8491429168432383e-5,-55116225.97508041,89152996.89134143,102200358.18733625,109449798.2356148,39390303.20677942,48631184.92153798,47432987.26073386,HMDB0001185,C00019,S-Adenosyl-L-methionine,Cysteine and methionine metabolism
S-lactoylglutathione,-0.249106131069496,0.9054764334780462,146868.5125345313,947788.9759368943,843977.9957232606,546028.413165539,1216146.275621722,952835.9794154705,609418.6673920951,HMDB0001066,C03451,(R)-S-Lactoylglutathione,Glutathione metabolism
sedoheptulose 7-phosphate,-0.3119415992821971,0.2839295456998917,131253.6974952179,489852.9908895714,586920.169803966,554536.7913103079,520206.08010176884,708811.9631281995,796053.0012595305,HMDB0258206,C05382,Sedoheptulose 7-phosphate,Pentose phosphate pathway
serine,-2.308879155938028,4.0825287739298943e-7,38939497.635203786,8972725.489169165,11127887.11813495,9436452.269408762,52847766.342418164,50407160.72144592,43100630.718460165,HMDB0000187,C00065,L-Serine,Amino acid metabolism
stearoylcarnitine C18,0.8635101369890158,0.30352422687785074,-779812.1185676218,1754989.5960719013,1467382.7997738507,1971916.0172442186,1850692.2966048743,555442.3529461673,448717.4078360645,HMDB0000848,NA,NA,Fatty acyl carnitines
succinate,-0.5571592424256536,0.0417112316425704,15080470.780287389,30912062.18596194,31293656.0628812,33773012.828260124,39546102.12748201,42678320.01948173,58995721.2710017,HMDB0000254,C00042,Succinate,Citrate cycle (TCA cycle)
succinylglutathione,-1.9996778244909148,3.586130040156288e-5,2626256.4921012223,1033270.416160988,952620.6381060595,641147.5601656362,3953230.157290515,3574104.7328476016,2978473.2005982352,NA,C03174,S-Succinylglutathione,Glutathione metabolism
taurine,0.9681699354617721,1.6803114118435492e-4,-1729435147.3069322,3750765964.3568807,3571225806.030804,3291383407.19178,2084269089.438931,1693870940.9203267,1646929705.2994103,HMDB0000251,C00245,Taurine,Not assigned
tetradecanoylcarnitine C14,-2.638058855082128,3.497996212958876e-4,1644684.8371277172,204591.55847727868,322841.16969880724,416895.60819267563,2529778.017233798,1826551.2226313793,1522053.607886736,HMDB0005066,NA,NA,Not assigned
tetradecenoylcarnitine C14:1,-0.5783634918771026,0.5481216736305748,399388.6888129751,404219.0824262294,1514148.3926317827,511228.049825603,818846.702663323,1417977.9088951354,1390936.979764082,NA,NA,NA,Fatty acyl carnitines
thiamine,-0.4634268049298697,0.0038340274649314443,23830718.39942535,59526020.92599249,64402641.58338493,64798111.45320754,86600447.81479609,82321788.84944582,91296692.49661912,HMDB0000235,C00378,Thiamine,Vitamin digestion and absorption
threonine,-1.8350054898963812,6.0185338112139775e-6,463802894.2445393,180222864.98537847,196576680.7151654,165083734.0907562,735156746.1398935,636300014.2348229,561835202.1502017,HMDB0000167,C00188,L-Threonine,Amino acid metabolism
trans-4-hydroxyproline,-2.2235609466549984,3.880507662645805e-6,99717488.91284181,30666407.44707574,28107721.45248518,22728855.42752069,144520544.29309437,126350663.82083774,109784242.95167504,HMDB0000725,C01157,Hydroxyproline,Amino acid metabolism
trimethyllysine,-0.27794961873888163,0.20769095191612108,1028894.8442950835,4993151.211131331,5356244.116096624,4178197.297585292,6238519.882446682,5118803.367924202,6256953.907327611,HMDB0001325,C03793,"N6,N6,N6-Trimethyl-L-lysine",Amino acid metabolism
tryptophan,-0.31123681246013085,0.0025547466171977895,64990416.63660514,263541673.82602137,296379122.5011523,249858170.62886494,342974414.37916005,316408141.5039702,345367660.9827239,HMDB0000929,C00078,L-Tryptophan,Amino acid metabolism
tyrosine,-0.3054593032053541,0.07059843835402024,25919509.176164165,122621795.09514178,111573573.54476137,95552579.26954137,141284064.77950692,125795316.81865078,140427093.8397793,HMDB0000158,C00082,L-Tyrosine,Amino acid metabolism
UDP,0.23501118341831917,0.7956812003390515,-5038342.268548604,40443303.69566639,32050095.11528433,28057873.08898913,38604904.662465625,23658013.650997162,23173326.780831255,HMDB0000295,C00015,UDP,Pyrimidine metabolism
UDP-GlcNac,-0.17844497955757574,0.47337857675112827,17696641.576706886,145512490.17445877,134290797.3105558,123421165.90308961,176964503.2764302,140445866.99524608,138904007.84654856,NA,NA,NA,Not assigned
UDP-hexose,-0.026195238041000296,0.9968796254092165,1475589.5965163112,89074926.46795452,82998699.00618567,69522679.04958244,98757664.98527984,76499790.45327698,70765617.87471476,NA,NA,NA,Not assigned
UMP,0.641391026699573,0.04811315839439789,-1788010.4967259113,6141999.682725603,4691689.02742959,4111837.9869526215,4136091.0684995013,2724295.548385472,2721108.590045108,HMDB0000288,C00105,UMP,Pyrimidine metabolism
uric acid,0.2094776030092819,0.3876190016732458,-40408675.02118552,296861053.62703073,308299533.87369263,291815555.4923962,234697723.4893468,231711939.42934692,309340455.01086926,HMDB0000289,C00366,Urate,Purine metabolism
uridine,0.14796994703353622,0.9768290065744369,-90144.05872717942,1058443.0554108364,982865.5192674507,732910.4046467735,832756.5817934095,656573.2848671336,1014456.936482979,HMDB0000296,C00299,Uridine,Pyrimidine metabolism
UTP,0.31798262316180986,0.8523558071188554,-17095581.896097302,103109207.10304463,84757446.3736432,71407197.60775825,107080622.81405875,48853010.385597855,52053472.19649755,HMDB0000285,C00075,UTP,Pyrimidine metabolism
Val-Lys,-0.7519399708075025,1.0916227835966463e-4,16310459.723267552,24182614.647576164,23030926.462673564,24317723.962323718,42890269.1793885,38442608.97244046,39129766.09054715,HMDB0029132,NA,NA,Amino acid metabolism
valine,-0.03768442048927056,0.9731304147844206,8424622.929821074,312775933.0139007,356114602.0293768,286102067.174284,313973606.799751,305676938.71999204,360615925.48728156,HMDB0000883,C00183,L-Valine,"Valine, leucine and isoleucine biosynthesis"
valine-d8,0.49822046664181135,0.0035019666876695554,-645884980.8169873,2431360407.08998,2053706862.5446937,2150271953.315889,1483137881.4656148,1600737730.0829291,1613808668.951057,NA,NA,NA,NA
xanthine,-0.0645572227827016,0.9921712031579109,623958.1040382795,12996338.97368112,16465210.636271432,11441276.983601809,12150459.96816542,11849147.518510278,18775093.418993503,HMDB0000292,C00385,Xanthine,Purine metabolism
