Metabolite,Log2FC,p.adj,t.val,786-O_1,786-O_2,786-O_3,HK2_1,HK2_2,HK2_3,HMDB,KEGG.ID,KEGGCompound,Pathway
2-aminoadipic acid,0.41714732577367625,0.0011281336600597047,-2266898.1417258345,8968347.013181683,9089987.113647811,9025705.669696927,5801815.74705842,7322390.029516717,7159139.594773779,HMDB0302754,NA,NA,Not assigned
2-hydroxyglutarate,0.9161841556844638,7.609797671259688e-5,-197621682.67195806,389934194.85894036,463318717.0332632,407917218.6440348,188417804.98840874,228825446.05853468,251061831.47342074,HMDB0059655,C02630,2-Hydroxyglutarate,Citrate cycle (TCA cycle)
2-ketoglutarate,1.3589950460947873,6.552105849766399e-6,-601515324.2770705,887922451.7215986,1057350517.8873676,1012290077.5135362,326367919.0612345,366703618.38283235,459945536.84722406,HMDB0000208,C00026,2-Oxoglutarate,Citrate cycle (TCA cycle)
2/3-phosphoglycerate,0.05668233604486597,0.9750045204574919,-1242256.5046473332,36932025.966515474,30493038.739643935,29305325.91512028,30931592.11039721,32564866.74577208,29507162.251168396,HMDB0060180,C00197,3-Phospho-D-glycerate,Glycolysis / Gluconeogenesis
4-guanidinobutanoate,-1.0099096940575314,3.232531863793797e-4,2167896.5406390494,2390740.7373483633,2329025.0149625726,1695489.3049013834,4418820.278692217,4133882.632325991,4366241.76811126,HMDB0003464,C01035,4-Guanidinobutanoate,Arginine and proline metabolism
4-hydroxyphenyllactate,-0.9472290235937092,5.0800653350613345e-8,1951444.4247952327,2000373.7547779966,2113869.139841713,2193179.7876385767,3963104.396311364,3971958.327485327,4226693.232847293,HMDB0000755,C03672,3-(4-Hydroxyphenyl)lactate,Not assigned
5-aminolevulinic acid,-0.29985456089882195,0.15591079951014997,850254.1677508005,3273419.1851124987,3645631.3107670275,4122240.789883496,4028434.8913623346,4373206.792880485,5190412.104772604,HMDB0001149,C00430,5-Aminolevulinate,Not assigned
5-aminovaleric acid*,0.7639320471945238,0.002309290701516864,-28857876.876251645,75084364.79229786,74538969.27367324,60961297.18591456,39898613.11678304,43445126.01430965,40667261.492038004,NA,NA,NA,Not assigned
5-methylthioadenosine (MTA),-0.4341829231782035,0.12307288680931106,6508638.125399061,19881601.669349074,17155788.45528786,18568962.646456867,24864886.369197316,22428867.431872092,27838513.346221577,HMDB0001173,C00170,5'-Methylthioadenosine,Cysteine and methionine metabolism
6-phosphogluconate,-0.4843898275267262,0.7181390765686013,353520.55930301617,981659.6613167686,872407.6715858043,804021.617689153,1061037.696400131,1255715.2942653522,1401897.637835291,HMDB0001316,C00345,6-Phospho-D-gluconate,Pentose phosphate pathway
acetyl-CoA,0.23412331460012606,0.4331537362816278,-475121.7878174619,3486161.234667699,3367432.122128516,2661623.6096950313,2894328.7713225037,2296943.6999828173,2898579.13173354,HMDB0001206,C00024,Acetyl-CoA,Citrate cycle (TCA cycle)
acetylcarnitine,0.45520591235190083,0.311374994203076,-1560899890.9360948,5470500205.185478,5262756661.771785,6572007412.286423,5947039757.544385,3143517363.0685353,3532007485.822482,HMDB0000201,C02571,O-Acetylcarnitine,Fatty acyl carnitines
acetylcholine,0.039366713349865974,0.9596512766132392,-1079217.8294836432,43664600.31550545,38174310.95408247,38439464.46535088,43890849.7424983,36981810.97523429,36168061.52875527,HMDB0000895,C01996,Acetylcholine,Glycerophospholipid metabolism
aconitate,0.9828451520143926,0.00561249452061896,-51693711.22222863,100192412.93331695,93618100.87098473,120106772.95024994,66710215.17746103,42899324.16116458,49226613.749240115,HMDB0000072,C00417,cis-Aconitate,Citrate cycle (TCA cycle)
adenosine,0.2756439143325424,0.8780378768524035,-2657980.895291686,24287861.481736086,12135563.802195836,9425315.364544766,13885363.061067138,11239887.710986592,12749547.190547906,HMDB0000050,C00212,Adenosine,Purine metabolism
ADP,-0.13725030893745038,0.8544933775506027,4595065.030365743,55548621.60346462,41177096.71317054,41392870.12133618,56618979.32349284,45298596.3474387,49986207.85813703,HMDB0001341,C00008,ADP,Purine metabolism
ADP-ribose,-0.00499079767406312,0.9999185624312011,5753.072166499216,1562815.276783058,1782318.4820958204,1635381.1566985454,1682394.6583686937,1676294.212276007,1639085.2614322207,HMDB0001178,C00301,ADP-ribose,Purine metabolism
alanine,-1.840392489251033,1.4321489738011728e-5,623011874.5105176,234413730.31010032,251649956.570199,238067174.63391647,1000105967.040037,857373599.8341249,735686918.171607,HMDB0000161,C00041,L-Alanine,Amino acid metabolism
AMP,0.12237865873895645,0.491648051095841,-1229844.8504790775,15659630.110569343,14912161.177347135,14794163.507652061,13918047.786597364,13253745.272451162,14504627.18508278,HMDB0000045,C00020,AMP,Purine metabolism
arginine,0.16748947166058567,0.7408043299734495,-12459179.107763603,109699301.89396912,107411345.49705043,123896531.76406294,89109569.06073956,87373746.52511092,127146326.24594118,HMDB0000517,C00062,L-Arginine,Amino acid metabolism
argininosuccinate,-2.4868533367421506,2.798934933045949e-6,456193.8903400718,111959.04388187158,95342.55827234335,89858.27421544881,617283.9590149549,553005.4654034246,495452.12297149975,HMDB0000052,C03406,N-(L-Arginino)succinate,"Alanine, aspartate and glutamate metabolism"
asparagine,-2.118023355504694,1.5700204469837331e-9,76222740.72416878,23703017.91813843,22277164.10719891,22463116.315753397,100771574.11302581,101548392.1878556,94791554.2127157,HMDB0000168,C00152,L-Asparagine,Amino acid metabolism
aspartate,0.23423600853499016,0.06468393962669161,-189118332.24653792,1308092439.191711,1220337776.58316,1257345551.4863586,964215886.9345051,1173661258.3857214,1080543625.2013896,HMDB0000191,C00049,L-Aspartate,Amino acid metabolism
ATP,-0.1793540959295943,0.9318845722573048,25757984.68952197,276891114.1861371,148772942.46709126,158078370.3539695,280356916.6377145,172910971.9130523,207748492.524997,HMDB0000538,C00002,ATP,Purine metabolism
beta-alanine,-1.2537225398044658,9.274616684318282e-6,62250973.04984793,48072406.68721325,46500594.03342038,40309590.4963679,117847309.70745346,108571737.92441678,95216462.73467511,HMDB0000056,C00099,beta-Alanine,Pyrimidine metabolism
beta-citrylglutamic acid,-0.5212767579305101,5.043189315357965e-4,68481629.96621084,176886710.1452205,152509395.7026445,142647018.2533059,223143700.2714219,226366147.95170912,227978165.77667236,HMDB0013220,NA,NA,Not assigned
betaine,-0.6644010590717899,1.3375208587118603e-4,2531130825.311261,4842605541.083866,3774264442.4950204,4365281920.737764,7194708605.472221,6606221432.140499,6774614342.637717,HMDB0000043,C00719,Betaine,Not assigned
butyrylcarnitine C4,-0.2807221165547527,0.05667461888635239,148635179.94863665,652784022.0372202,708799353.4755459,714300080.7958846,855908527.6744871,919639157.0599055,746241311.4201679,HMDB0002013,C02862,NA,Fatty acyl carnitines
cAMP,0.08625064780627004,0.6868055547715095,-26634.97869563219,466845.0125579102,448718.9451180064,461338.3346055429,439278.72440251725,424593.8691450439,433124.76264700183,HMDB0000058,C00575,Cyclic AMP,Purine metabolism
carnitinamide,0.35986744612526494,9.1158964644944e-4,-749186.6316510914,3342139.260761748,3324164.1078769555,3514530.6752895326,2741568.915092207,2471171.5478478028,2720533.6860349523,NA,C02290,L-Carnitinamide,Not assigned
carnitine,0.9260933745347314,7.401936988171709e-5,-10830613381.472168,24121629283.55747,22730814121.786995,21736478310.49629,14164377440.86277,11991811961.031275,9940892169.530205,NA,C00487,Carnitine,Fatty acyl carnitines
carnosine,-0.2584800139782253,0.8066716152781119,1419812.6439428926,7002229.539539758,6271976.158022407,8433505.373732828,7123793.576709347,7167033.27699385,11676322.149420476,HMDB0000033,C00386,Carnosine,Not assigned
CDP,0.08654743012778492,0.9964911112553654,-291309.29731284454,7390162.9178758245,3804817.2374792616,3814219.268497536,6911889.621859547,3342933.181964995,3880448.728089546,HMDB0001546,C00112,CDP,Pyrimidine metabolism
CDP-ethanolamine,-3.6657897149067744,9.69455626494975e-5,6986218.667035129,746628.9922277837,466177.804000999,579834.9780928147,9615337.944837831,7007144.060533766,6128815.77005539,HMDB0001564,C00570,CDP-ethanolamine,Glycerophospholipid metabolism
choline,-1.0702902026284178,0.0018106136854940669,321696265.3760185,386245007.64024496,231405545.92915612,259817991.5559192,702639154.9634095,565866917.2691693,574051269.020797,HMDB0000097,C00114,Choline,Glycerophospholipid metabolism
citicoline,-2.847418173281118,9.659477995249688e-9,17867598.652750615,3213567.117600236,2292391.9566607205,3143681.7913816697,19924586.54093399,20523734.32857968,21804115.954380795,HMDB0001413,C00307,CDP-choline,Glycerophospholipid metabolism
citrate,0.5137325690607932,0.007314932444371203,-607864360.2334142,1994159351.0680285,2046374285.1626527,2046387820.9498692,1598687203.3321278,1234621472.606232,1430019700.5419478,HMDB0000094,C00158,Citrate,Citrate cycle (TCA cycle)
citrulline,-0.6938823065270914,3.3904071742307806e-6,147462829.72572482,236261022.223848,237112323.16846028,242893624.45907718,384972174.8592326,381069603.96919626,392613680.20013094,HMDB0000904,C00327,L-Citrulline,Arginine and proline metabolism
CMP,0.453627464971735,0.8286388122404891,-301569.8080465299,1660372.0372390074,948671.9052957568,744271.9705282031,1338784.622385804,529560.8126419737,580261.0538955999,HMDB0000095,C00055,CMP,Pyrimidine metabolism
CMP-2-aminoethylphosphonate,-2.4981683696169874,2.694777364992129e-4,2268593.008066487,618191.3471735754,309963.57148855255,535555.1702674899,2890089.0445612245,3027421.651733919,2351978.4168339353,HMDB0060067,C05673,CMP-2-aminoethylphosphonate,Not assigned
CMP-acetylneuraminic acid,0.13961756905752026,0.18872296154980506,-672871.7053272584,7997997.912972128,7047339.05693255,6838983.449652715,6634164.87410117,6843428.7035072995,6388111.725967146,HMDB0001176,C00128,CMP-N-acetylneuraminate,Not assigned
creatine,0.4706469118585904,1.360737909524845e-4,-13534013389.674797,46703275171.227615,50372697015.749466,48786137829.690186,31507318577.208332,35929464750.36107,37823286520.07349,HMDB0000064,C00300,Creatine,Arginine and proline metabolism
creatinine,0.0229575986680158,0.9961107781695242,-25688975.79809904,1641549907.9931917,1565566223.9290595,1674537980.7174766,1499168576.2465682,1492781436.11971,1812637172.8791525,HMDB0000562,C00791,Creatinine,Arginine and proline metabolism
CTP,0.034464519092286296,0.9998277636984259,-278721.68280592933,18660118.829422973,7896484.132903757,8865262.275020262,17275778.74530211,7801125.00994234,9508796.433684751,HMDB0000082,C00063,CTP,Pyrimidine metabolism
cyclic ADP-ribose,-0.095187031792823,0.20858477881302573,1131118.7989964653,16677014.12344592,16721793.064129181,16354320.000176515,18307142.348229207,17492036.09509609,17347305.141415715,HMDB0249529,C13050,Cyclic ADP-ribose,Purine metabolism
cystathionine,-3.11353563207952,2.9979402765833996e-6,5792154.452850221,743589.9236246904,759154.1935684336,767202.1501322291,7512091.2491059825,6612123.546208096,5522194.830561944,HMDB0000099,C02291,L-Cystathionine,Cysteine and methionine metabolism
cysteic acid,1.5349922957059499,0.004619913794988606,-225156.48236520085,322540.8391438786,333348.3659956897,375489.688937409,109495.39074448429,105348.66835751571,141065.38787937473,HMDB0002757,C00506,L-Cysteate,Cysteine and methionine metabolism
cysteinylglycine,-0.46383495390200086,0.01446314897554879,5993176.479316289,17330823.631370272,17075192.41476974,13007963.437052086,23351149.882005226,21940313.78455212,20102045.25458362,HMDB0000078,C01419,Cys-Gly,Glutathione metabolism
cytidine,-0.3868130151881433,0.43346031829134735,792141.1151170307,3293437.2258502515,2580693.6477925824,1854028.0081533506,3392418.8806039067,2830448.361585063,3881714.984958306,HMDB0000089,C00475,Cytidine,Pyrimidine metabolism
cytosine,0.02405721600816056,0.9973501328837486,-54838.34324863646,3618191.6459702617,3463241.8027563686,2866908.2040417455,3030263.337344597,3003927.099163374,3749636.1865144954,HMDB0000630,C00380,Cytosine,Pyrimidine metabolism
dATP,-0.7657027016750764,0.5278713986726842,154591.65808040556,404805.12891449104,140661.81867564682,116881.45401176828,558551.623450964,233062.80256890913,334508.9498232497,HMDB0001532,C00131,dATP,Purine metabolism
dCTP,-0.5684864863924819,0.8684128646190696,115386.8338391094,486682.40631199046,95430.70247738126,134624.28186009452,620847.135463977,183590.28998645325,258460.4667163642,HMDB0000998,C00458,dCTP,Pyrimidine metabolism
deoxyadenosine,0.04485455449054801,0.9992251055382593,-16344.903733910236,791722.676185549,510068.6173494954,299998.0670800925,480532.1813079952,387237.55350168986,684984.9146037211,HMDB0000101,C00559,Deoxyadenosine,Purine metabolism
deoxycytidine,-0.06936975038574864,0.9784297661513887,237619.33000607695,6075798.834524486,3930744.087384863,4465318.810696165,5920548.101815394,4417177.641656774,4846993.979151578,HMDB0000014,C00881,Deoxycytidine,Pyrimidine metabolism
deoxyribose 5-phosphate,1.5009338079399959,3.885346293679426e-4,-1220459.0392085623,2031816.0322807769,1988893.2676551193,1641137.8013366035,761603.1526685259,745670.8854424618,493195.9455358244,HMDB0001031,C00673,2-Deoxy-D-ribose 5-phosphate,Pentose phosphate pathway
dihydroorotate,0.411028163936932,0.9481083528492702,-8875015.368467782,28172096.629351422,49775982.41802166,29448737.116521943,19478639.727127578,47944721.15379158,13348409.177572515,HMDB0003349,C00337,(S)-Dihydroorotate,Pyrimidine metabolism
dihydroxyacetone phosphate,0.22798983176250281,0.6162297068798275,-6209742.521059826,45592076.163533024,32252956.31198776,49598552.195148885,35784384.42383611,37493731.596996024,35536241.086658046,HMDB0001473,C00111,Glycerone phosphate,Glycolysis / Gluconeogenesis
dimethylarginine (ADMA+SDMA),0.22188096665320775,0.16289448527321349,-1231791.485572027,9352443.12136327,8337360.583892688,8232967.080057252,7913502.801051119,6472579.795325637,7841313.732220371,NA,NA,NA,Not assigned
dTTP,-0.17369162265770666,0.8875802654688694,399219.35633659083,4090508.1099299975,2550059.9075430296,2720449.5182407815,4487385.1390933255,3003722.798630532,3067567.666999723,HMDB0001342,C00459,dTTP,Pyrimidine metabolism
FAD,0.8877180989363591,0.12903737395261738,-457986.6859866659,1241385.7051737849,712782.4184567751,1035745.4141488593,618750.6275313355,379446.5154110475,617756.3368770388,HMDB0001248,C00016,FAD,Vitamin digestion and absorption
fructose,0.5145781259440062,0.088581166093335,-2382990.8073989395,7335641.853812499,7561004.93425727,8933070.389081873,5105695.149313892,4912476.496948946,6662573.108691984,HMDB0000660,C02336,beta-D-Fructose,Not assigned
"fructose 1,6-bisphosphate",-0.08724263498209515,0.8371240437664352,927192.6241796631,15560572.84295191,13818986.146445332,15241460.802971348,14727001.297493838,16309296.751824075,16366299.615589669,HMDB0001058,C00354,"D-Fructose 1,6-bisphosphate",Glycolysis / Gluconeogenesis
fructose 6-Phosphate,0.07330651397297563,0.9722957263643124,-243796.74913933035,4650511.914257925,5281142.839649517,4831125.205264951,4422697.632262434,4913412.278517026,4695279.80097494,HMDB0000124,C00085,D-Fructose 6-phosphate,Not assigned
fumarate,-0.0019613344147023488,0.9999968866391691,153809.33856248856,101849806.6605568,118065773.9619108,119265489.25385523,106582182.00952473,114559050.9857027,118501264.89678286,HMDB0000134,C00122,Fumarate,Citrate cycle (TCA cycle)
GDP,0.22340138203822413,0.94515337922059806,-872412.0233770395,9487835.022936104,4197713.622659026,4558575.53451683,7083787.409741229,4029030.292849982,4514070.407389631,HMDB0001201,C00035,GDP,Purine metabolism
GDP-hexose,0.15902099714859655,0.7790561639602821,-109553.57132353028,1145819.4967934848,928404.6091778507,1074851.4074113357,867391.9720145444,900009.8891638964,1053012.9382336393,NA,NA,NA,Purine metabolism
gluconate,-2.3610115560335534,9.634988995532723e-8,2268692220.550815,460916084.2359406,600687465.2829597,583447437.077205,2985441445.589424,2931277222.4822855,2534408980.176841,HMDB0000625,C00257,D-Gluconic acid,Pentose phosphate pathway
glucose,0.24316642897683638,0.9461622032952902,-5752488.18292509,38032857.35985242,31915607.5490581,41310277.69588467,18410559.681380317,22268182.158028547,53322536.21661105,HMDB0003345,C00267,alpha-D-Glucose,Glycolysis / Gluconeogenesis
glucose 1-phosphate,-0.7837749832804143,4.2115123119002007e-4,879945.2537716501,1145024.4275249601,1225265.2827857402,1287868.0296515697,2066096.5760355857,2108934.6986812283,2122962.226560406,HMDB0001586,C00103,D-Glucose 1-phosphate,Glycolysis / Gluconeogenesis
glucose 6-phosphate,0.1886421450166099,0.9379170714347534,-1271059.6936863922,9763095.757885076,10893294.174099792,10454121.045816703,7478831.9784780815,9361106.45499942,10457393.463264892,HMDB0001401,C00092,D-Glucose 6-phosphate,Glycolysis / Gluconeogenesis
glucuronic acid,0.8378302200818548,2.096598570544561e-4,-6058659.790915292,14812004.65776894,13635922.463349774,12812765.766449042,9162723.897767568,7820849.141075864,6101140.475978446,HMDB0000127,C00191,D-Glucuronate,Not assigned
glutamate,0.30104709170009913,0.0024468958690726517,-1742282651.2361193,8978130104.806717,9513390338.689957,9261126985.233624,6963813663.706854,7962084412.834583,7599901398.480502,HMDB0000148,C00025,L-Glutamate,Amino acid metabolism
glutamine,-0.6878070799278855,0.09483531206238138,529685962.2259811,968645754.2564416,665783105.1855013,967030885.5513622,998301998.4840952,1424528207.064766,1767687426.1223876,HMDB0000641,C00064,L-Glutamine,Amino acid metabolism
glutamylcysteine,-0.4108323110388444,0.09783535919262376,234835.30894570507,871736.9545267336,629903.0497400695,636773.7920551186,925851.7590620812,983351.3362581602,933716.627838796,HMDB0001049,C00669,gamma-L-Glutamyl-L-cysteine,Glutathione metabolism
glutamylglutamate,0.44334560836006753,0.05046555749600845,-928383.8626585235,3831224.533408926,3725918.209286107,2969832.5255487766,2338642.7370296516,2763773.0317380964,2639407.9115004907,HMDB0028818,C01425,Glutamyl-glutamic acid,Amino acid metabolism
glutamyllysine,-0.5253789779492187,0.2214251961579372,167051.80475172208,557298.2230987092,354942.1371887781,228533.9602282609,498063.10182107997,515364.40875978826,628502.2241900461,HMDB0004207,NA,NA,Amino acid metabolism
glutamylthreonine,0.2487509900482265,0.20846094127230952,-663208.2525824383,4328202.010477489,4170583.295439254,4063938.7609065934,3076087.7676791353,3888294.3005895438,3608717.2408073423,HMDB0028829,NA,NA,Not assigned
glutathione,-0.32675059611663027,0.027572330156207747,577978244.538753,2509026097.822792,2355654205.9179306,1956856010.3806608,2991259609.4306803,2849597129.5493717,2714614308.7575903,HMDB0000125,C00051,Glutathione,Glutathione metabolism
glutathione oxidized,-0.6766509338716037,3.039422865711572e-4,2785836.7549688304,5462191.078867346,4607052.408964079,3896603.7014070353,7699334.0923257,7339262.4530668855,7284760.908752368,HMDB0003337,C00127,Glutathione disulfide,Glutathione metabolism
Gly-Gly,-0.962283988748408,2.2705644914911005e-5,925989.9279434589,947809.2929753778,931857.9218164922,1049469.3538186701,1735100.192780382,1856919.0507682383,2115087.1088922974,HMDB0011733,C02037,N-Glycylglycine,Amino acid metabolism
glyceraldehyde 3-phosphate,0.4150298205571591,0.03334820490127599,-6045417.778784178,22565089.663717166,24175650.764196,25805431.298155952,17854683.82319203,17626646.95129502,18928587.615229536,HMDB0001112,C00118,D-Glyceraldehyde 3-phosphate,Glycolysis / Gluconeogenesis
glycerol 3-phosphate,-1.5604831170114015,1.5363289816372472e-4,14237356.783484144,7037538.138652179,6828058.524003725,8043354.937604035,19833236.967378315,22780687.66511175,22007097.318222307,HMDB0000126,C00093,sn-Glycerol 3-phosphate,Glycerophospholipid metabolism
glycerophosphocholine,-0.7955040369341467,0.014457885849894603,4176598797.4241886,6360734114.859774,5064294516.552757,5606471386.2685795,8863157095.783134,9516495699.96221,11181643614.208332,HMDB0000086,C00670,sn-Glycero-3-phosphocholine,Glycerophospholipid metabolism
glycerophosphoethanolamine,-1.6096933693910402,2.0093650066055346e-7,217110169.90248153,122327593.80002461,100341926.87761924,94763164.44149296,343422034.9558696,308364353.47617006,316976806.39454174,HMDB0000114,C01233,sn-Glycero-3-phosphoethanolamine,Glycerophospholipid metabolism
glycerophosphoinositol,-1.7123145487923537,4.3913399830741717e-4,62321428.65855842,20864998.04888895,33702369.56343011,27547558.41421068,106750581.32585928,86435401.62453645,75893229.05180928,HMDB0011649,C01225,sn-Glycero-3-phospho-1-inositol,Not assigned
glycine,-3.1807464327804387,3.266561465764539e-10,20947231.321681906,2590589.506245471,2509489.987084863,2689156.0468037147,24401002.44396119,23659708.249379575,22570218.811839003,HMDB0000123,C00037,Glycine,Amino acid metabolism
GMP,0.0810799174214926,0.9964038966480353,-91913.345298636,2636915.592270874,1127556.9074170294,1281067.5712175411,2017508.5124120293,1281797.722064003,1470493.8005335042,HMDB0001397,C00144,GMP,Purine metabolism
GTP,0.1621832580117358,0.9810751039879215,-880232.2790989326,13516630.90221119,5452184.110299328,5866485.33031231,10151090.292484857,5734975.388233503,6308537.824807668,HMDB0001273,C00044,GTP,Purine metabolism
guanosine,0.09519543078519313,0.9954828825642827,-45920.784633965,1122148.8136954652,692024.3316814037,343265.95740715705,645845.0290373131,644836.9206029368,728994.799241881,HMDB0000133,C00387,Guanosine,Purine metabolism
hexanoylcarnitine C6,-0.20605111199653675,0.40023532252875693,756445.3847032981,5182200.07946066,4795147.905363244,4804051.796130196,5003534.183356665,6791551.739747195,5255650.011960134,NA,NA,NA,NA
hexenoylcarnitine C6:1,0.2124364390595125,0.5961795478551246,-259509.84109144635,2136301.492911283,1858486.1956250702,1691164.4002708294,1481233.7059101544,1995033.0569882237,1431155.8026344655,NA,NA,NA,Fatty acyl carnitines
hexosamine phosphate,-1.360903968722975,7.544048080021515e-5,8527539.721069124,5443646.578308286,5379493.686203425,5487513.899673328,16270968.806392191,13739096.579247186,11883207.94175303,NA,NA,NA,Not assigned
hippuric acid-d5,0.3667286030353966,0.024376832587142516,-937527768.8621473,3896527349.6920633,4496764781.884135,4137100133.3115654,3171399129.7409153,3180479423.4872866,3365930405.0731206,NA,NA,NA,NA
histidine,-0.776077595253238,4.744955236835047e-6,297840190.80803096,417108985.0671446,421876060.7519098,415134058.6542276,737541468.6841764,692348663.2141457,717749544.9990528,HMDB0000177,C00135,L-Histidine,Amino acid metabolism
homoarginine,0.34180061988566307,0.112237603281925,-433911.80793583253,1904724.1450009004,2118009.239908925,2148263.122813419,1595295.7317920737,1435407.9536713702,1838557.398452302,HMDB0000670,C01924,L-Homoarginine,Arginine and proline metabolism
hypotaurine,1.1891290641757744,9.27988547860803e-6,-1093884.2455196306,2086238.4094527946,1899397.585054303,1859506.492918442,1028281.1313491138,807591.0817826381,727617.5377348966,HMDB0000965,C00519,Hypotaurine,Not assigned
hypoxanthine,0.20025631417759013,0.9890739386590616,-618251.5936371759,6698166.373766242,5792571.841838236,1820189.8561619294,2307248.108573756,2125909.146726094,8023016.0355550265,HMDB0000157,C00262,Hypoxanthine,Purine metabolism
IMP,0.6769987754264764,0.19408918409452636,-251149.65581044793,530472.9651109397,804918.1324864794,676301.0277724946,489397.02936692117,402330.8830366517,366515.24553499673,HMDB0000175,C00130,IMP,Purine metabolism
indole,-0.9401984172744322,1.7555768855093135e-5,444697.4025285294,507010.3407271106,448699.7540243134,496296.49473660445,991255.5537354647,847496.2107413858,947347.0325967661,HMDB0000738,C00463,Indole,Not assigned
indole-3-lactate,-0.6670800583563571,0.01159815523882124,203623.19458893873,321001.4106460657,373131.67316602106,345015.2990281189,635862.5788197522,500994.775864438,513160.6119228316,HMDB0000671,C02043,Indolelactate,Not assigned
inosine,0.40347381070469385,0.24604691593846317,-255116.37378448166,1097720.4506549614,1104147.7022268954,935267.0613260617,719841.5179009907,620400.613612008,1031543.9613414744,HMDB0000195,C00294,Inosine,Purine metabolism
isoleucine,-0.5514179798682667,0.0029275189069860597,156891170.71666563,332586953.22993,321235126.68367815,357236617.7209393,470955902.4518429,462226339.101563,548549968.2311382,HMDB0000172,C00407,L-Isoleucine,"Valine, leucine and isoleucine biosynthesis"
isovalerylcarnitine,1.2200139716032767,4.7936389656100253e-4,-21718343.70641518,33873777.11339641,45454835.799797386,34833965.63362001,19753215.060225777,15537391.199371755,13716941.167970723,HMDB0000688,C20826,Isovalerylcarnitine,Fatty acyl carnitines
KMV,-0.004349498571686349,0.9999983937652406,12723.470235639252,4115477.858880928,3713430.2277745917,4812846.351651546,3605000.643894498,2919326.029661359,6155598.175458126,NA,NA,NA,"Valine, leucine and isoleucine biosynthesis"
lactate,-0.118747488037635,0.8524135709308897,45689480.43100488,524022252.74076194,456134870.2074831,617529929.2785566,565048879.3842682,499136449.8110773,670570164.3244711,HMDB0000190,C00186,(S)-Lactate,Glycolysis / Gluconeogenesis
leucine,-0.7364659757383046,2.0272280565236667e-4,237475155.364878,365679558.7188014,339013906.88523173,364870572.62654185,577249919.7232254,564558365.2599294,640181219.3420541,HMDB0000687,C00123,L-Leucine,"Valine, leucine and isoleucine biosynthesis"
lysine,0.21308626049166038,0.5117652162509196,-4749582.703669086,33503710.273330223,33301694.317318,36965066.50130294,27919226.332496747,25870670.99875851,35731825.64968864,HMDB0000182,C00047,L-Lysine,Amino acid metabolism
malate,0.019823372507943943,0.9970193083681422,-28346889.885478497,1858181544.7587423,2182146462.8881207,2191335099.791656,1940397414.0010614,2064435996.6521761,2141789027.128846,HMDB0000156,C00149,(S)-Malate,Citrate cycle (TCA cycle)
malonate,-0.1176246625109511,0.9267440141243314,510668.92996588163,6400127.947801838,7295639.5117330775,4339072.051840192,5918003.152066566,6198577.345465461,7450265.803740727,HMDB0000691,C00383,Malonate,Pyrimidine metabolism
malonylcarnitine C3-DC,3.3972441280518098,5.500270228497861e-6,-1939380.1540483867,2476014.38927931,2078677.2235549206,1873577.880850125,268572.0401648358,143914.95415482865,197642.03721953163,HMDB0002095,NA,NA,Fatty acyl carnitines
mesaconate,1.0159135386822031,5.902981941641183e-5,-16906912.68348443,30661240.818938076,36846435.07035733,32833080.93300101,14951797.286621094,16354894.210955521,18313327.2742665,HMDB0000749,C01732,Mesaconate,Citrate cycle (TCA cycle)
methionine,-1.2955016449113925,6.8931984252840195e-6,89136497.37620977,64593878.204150215,52751088.146473765,66489219.34121623,144315072.62163788,146980149.00732484,159948456.1915068,HMDB0000696,C00073,L-Methionine,Amino acid metabolism
methionine sulfoxide,-0.5201905934763231,0.015183033740808649,192029.96897760645,434061.73118486785,486385.1386849181,406506.81108465657,617546.5113233512,623903.4048387175,661593.6717251933,HMDB0002005,C02989,L-Methionine S-oxide,Cysteine and methionine metabolism
methylhistidine,-0.5559074301575873,5.812899799783056e-4,14675910.940872315,31328749.795512885,30387796.98959744,31940947.164982762,46537469.41951008,43426917.520607844,47720839.83259211,HMDB0000001,C01152,N(pi)-Methyl-L-histidine,Amino acid metabolism
methylindole,-0.595716785334114,1.6042495891266384e-5,917232.6962284357,1849918.2617382072,1733364.604251808,1799293.5067781392,2724280.199259283,2607979.0611661547,2802015.2010280243,HMDB0000466,C08313,Skatole,Not assigned
methylmalonylcarnitine C3-DC-M/succinylcarnitine C4-DC,1.9918108954206013,4.345902545610514e-7,-25725908.322903857,36988191.93126536,34526620.24794402,31584448.357990157,9423708.801231073,8611878.674992878,7885948.092264017,NA,NA,NA,Fatty acyl carnitines
mevalonic acid 5-pyrophosphate,0.9138051231758193,0.3485576787860517,-241424.11060719966,783593.1579018463,461739.8038198511,298244.5092268184,344295.77880786045,168581.46579387318,306427.8945251832,NA,NA,NA,Not assigned
myo-inositol,1.3460771308717407,2.807091969680986e-5,-126411068.13220435,190534686.98361182,224381005.6619477,210221661.21876827,91206977.84354272,80653826.8917515,74043344.73242038,HMDB0000211,C00137,myo-Inositol,Not assigned
N-acetylalanine,-0.4896803019775412,1.0628300025961046e-5,5121488.291951973,12160710.020026352,12943947.853528013,12913615.0862401,18445570.275194325,17684057.45436725,17253110.106088813,HMDB0000766,NA,NA,Amino acid metabolism
N-acetylarginine,-2.2226543525286004,7.41555489791601e-7,1997068.1249914297,598163.5021824397,521428.33695235907,513995.4792307451,2833531.3443113402,2380366.8541408377,2410893.494887656,HMDB0004620,NA,NA,Amino acid metabolism
N-acetylaspartate,-3.0112447455176947,5.162537064506978e-14,2419775457.9514866,297217778.794279,351176370.3920879,379460846.5270898,2717445461.7664695,2788055497.700552,2781680410.100898,HMDB0000812,C01042,N-Acetyl-L-aspartate,"Alanine, aspartate and glutamate metabolism"
N-acetylaspartylglutamate,-5.727096806571398,2.627120743170508e-12,68314199.71820116,1352103.8503323705,1267529.8878958004,1323864.1120585725,66586131.555138126,70708615.03149918,71591350.41825294,HMDB0001067,C12270,N-Acetylaspartylglutamate,"Alanine, aspartate and glutamate metabolism"
N-acetylglutamate,-1.754334530045154,2.834398228346302e-7,87637050.26360726,32853998.87857477,39555552.525622785,38350197.21037175,113692991.0693326,125423252.25945614,134554656.07660237,HMDB0001138,C00624,N-Acetyl-L-glutamate,Amino acid metabolism
N-acetylglutamine,-2.1703378903966595,3.0616870150268483e-9,10137792.018781744,2654759.923883866,3122937.7321857885,2908641.6581754996,12373728.902959075,13474542.325723024,13251444.141908288,HMDB0006029,NA,NA,Amino acid metabolism
N-acetylhexosamine phosphate,0.9117149314575763,1.1836241053297947e-4,-1621612.4353545066,3828320.1856064317,3350519.3026518566,3206189.8505404526,1982760.4938800083,1792756.5079721692,1744675.030883042,NA,NA,NA,Not assigned
N-acetylhistidine,-0.8561922868913289,0.14787656724280362,6508057.887026874,8772203.77601969,6239799.9287914205,9084352.720438814,11759960.357723704,12170531.041538041,19690038.68706881,HMDB0032055,C02997,N-Acetyl-L-histidine,Amino acid metabolism
N-acetylmethionine,-1.439778161958198,9.008963220202837e-6,33249682.28642558,17391120.171443716,19131999.658750523,21714586.0664658,48453786.27093233,51397524.14329101,58135442.34171344,HMDB0011745,C02712,N-Acetylmethionine,Amino acid metabolism
N-acetylneuramic acid,0.8984334536566292,0.006345516188719147,-5853582.990033325,12590778.821849883,13934932.536639774,11359018.328319967,5670631.961250786,7010638.578755089,7642710.17670377,HMDB0000230,C19910,N-Acetyl-beta-neuraminate,Not assigned
N-acetylornithine,-0.5609759340706642,1.7291501581240265e-4,4993966.8812422305,10689297.266057938,10489450.71196323,10344386.27603823,15951194.51417923,14801961.59169342,15751878.791913442,NA,NA,NA,Amino acid metabolism
N-acetylserine,-0.7639498399914778,2.6353271308510173e-6,218250477.72722095,299322178.2183361,321140813.1195073,317397001.6449848,566201699.1544132,524160845.61984664,502248881.39023113,HMDB0002931,NA,NA,Amino acid metabolism
N-carbamoylaspartate,-0.3247143234849351,0.9927472429910077,1873177.4423449766,6297110.800645154,8453331.993416606,7512500.408466721,6458638.531769808,17592657.98362333,3831179.0141702686,HMDB0000828,C00438,N-Carbamoyl-L-aspartate,Pyrimidine metabolism
NAD,-0.041242531772299806,0.8182706198578675,4976743.609270662,170234512.3603664,172673160.01830882,171933577.3082981,178563109.1116566,180711542.77921087,170496828.62391782,HMDB0000902,C00003,NAD+,Oxidative phosphorylation
NADH,-2.175411612932871,0.06781429663800487,1234563.4748520257,653240.2182111238,242194.89460369298,157603.40144084717,2631484.0861968324,1014651.8528790363,1110592.9997358734,HMDB0001487,C00004,NADH,Oxidative phosphorylation
NADP,0.5994172946498211,0.08351876601135255,-617412.0168430104,2002233.315698465,1950276.7599413488,1495571.2483510822,1153277.54458063,1395012.630065674,1047555.0988155608,HMDB0304435,C00006,NADP+,Glutathione metabolism
NADPH,0.32924654607037984,0.9313290413704224,-374175.28841637494,2776112.618448208,1076888.547148492,1648283.9312550514,2108319.37127746,812000.8195947434,1458439.0407304238,HMDB0000221,C00005,NADPH,Glutathione metabolism
ophthalmate,-1.658051424181514,2.5770885092590845e-8,118640260.29098704,60906732.419605434,54729621.06072492,49455165.28816074,174027560.62088725,181840397.44182804,165144341.57873696,HMDB0005765,C21016,Ophthalmate,Cysteine and methionine metabolism
ornithine,-1.789832979952619,3.5409099308214564e-7,4041836.8111238224,1717991.6852392785,1412190.0231180333,1803402.8054518956,5279053.998089278,5976593.188436411,5803447.760654984,HMDB0000214,C00077,L-Ornithine,Amino acid metabolism
orotate,-1.4678320477063769,0.8885983846003698,57652761.1228379,27583271.05963058,38011964.58647072,32339352.705499593,35894670.353347376,191346122.15250075,43652079.21426653,HMDB0000226,C00295,Orotate,Pyrimidine metabolism
orotidine,2.5332915750280613,3.567478346266917e-5,-1033261982.1864932,1158643581.259945,1366755007.4223967,1221671675.563175,321761908.9707661,192657635.96941063,132864772.74586046,HMDB0000218,C01103,Orotidine 5'-phosphate,Pyrimidine metabolism
pantothenate,0.7370883426840021,5.091314105165612e-5,-600024090.4795746,1484522572.5180275,1458278474.1466966,1556805397.7624238,784232784.1191497,963576666.2885969,951724722.5806777,HMDB0000210,C00864,Pantothenate,Vitamin digestion and absorption
pentose phosphates,0.029095028426961784,0.9873958231386757,-140599.94276314136,7389517.2814747775,6768345.422450707,6968952.334162576,6149509.275393942,7199587.683623562,7355918.250781134,NA,NA,NA,Not assigned
phenylalanine,-0.6919739411673741,2.806858881966301e-4,126195304.9177143,207934882.76352578,196913670.35729128,210245849.60375926,324858634.3311088,307224248.3213374,361597434.825273,HMDB0000159,C00079,L-Phenylalanine,Amino acid metabolism
phosphocreatine,-7.86915588646638,1.0175715270399621e-8,415457045.43534136,1729521.870359035,1858072.4128630077,1766141.3184247534,406842317.8416164,454666369.413714,390216184.6523409,HMDB0001511,C02305,Phosphocreatine,Arginine and proline metabolism
phosphoenolpyruvate,0.23572888939730485,0.7840373552382349,-1280973.5069602532,10001616.554380495,7313238.290724418,8178139.996125797,7641795.010121743,7345260.802984825,6663018.507243381,HMDB0000263,C00074,Phosphoenolpyruvate,Citrate cycle (TCA cycle)
phosphoethanolamine,-6.534285058671163,1.4833395955982098e-8,118390378.84337476,1753911.9202856896,1075202.4210301873,1044647.8659600988,125645043.51212476,125093590.01624677,108306265.20902878,HMDB0000224,C00346,Ethanolamine phosphate,Glycerophospholipid metabolism
phosphorylcholine,-0.9983631010517635,5.518449251673552e-6,9297574057.162722,10156318279.835093,8717354757.996967,9082451861.57476,19791526160.873768,19083497903.464085,16973823006.557129,HMDB0001565,C00588,Choline phosphate,Glycerophospholipid metabolism
proline,-0.8738654637202733,1.10038813061486e-7,9105459124.961712,10260942442.66591,10946625204.266022,11602281225.384424,19570723886.277622,20403301752.979446,20152200607.94442,HMDB0000162,C00148,L-Proline,Amino acid metabolism
propionylcarnitine,0.20859559899465255,0.19314090107812765,-66471864.46793932,478123263.22403586,492061584.631972,511128876.6173274,495435267.4813163,409676534.4747935,376786329.1134075,HMDB0000824,C03017,O-Propanoylcarnitine,Fatty acyl carnitines
pyroglutamic acid,-0.027443170170112594,0.9970332824027348,6029388.929245591,321779243.11061883,306783018.15241253,313322255.60275537,274178849.3216389,290280210.3600814,395513623.9718031,HMDB0000267,C01879,Pyroglutamic acid,Glutathione metabolism
pyruvate,0.2802926166646743,0.5911564513802552,-3724908.079168264,21569486.454168465,16523672.221252382,25192471.81951903,16538688.650834382,14243087.051368918,21329130.55523179,HMDB0000243,C00022,Pyruvate,Glycolysis / Gluconeogenesis
S-(2-succinyl)cysteine,-2.6290740170610136,2.897011803546512e-4,478851.443620768,124905.17689241772,90583.93043494626,61501.740358246105,689607.3617505024,614458.7425403954,409479.0742570168,NA,NA,NA,Not assigned
S-adenosylhomocysteine,-0.35165757094845085,0.013711511942641197,2094750.782197007,7444580.153114812,7953145.802522361,7369170.8473984245,10794289.901573949,9673118.944802694,8583740.303249976,HMDB0000939,C00021,S-Adenosyl-L-homocysteine,Cysteine and methionine metabolism
S-adenosylmethionine,0.8284780133014744,4.959736255158997e-4,-35029022.32525597,78841429.47551067,82473474.53362833,79226638.35568018,39390303.20677942,48631184.92153798,47432987.26073386,HMDB0001185,C00019,S-Adenosyl-L-methionine,Cysteine and methionine metabolism
S-lactoylglutathione,0.12877368073233714,0.9777761189532297,-86467.47199370759,1002166.9393655399,1369711.2623891314,665925.1366557394,1216146.275621722,952835.9794154705,609418.6673920951,HMDB0001066,C03451,(R)-S-Lactoylglutathione,Glutathione metabolism
sedoheptulose 7-phosphate,-1.0484598209279954,0.0037991586019689993,348660.50319531193,288138.67839020747,372331.1565302849,318619.69998307084,520206.08010176884,708811.9631281995,796053.0012595305,HMDB0258206,C05382,Sedoheptulose 7-phosphate,Pentose phosphate pathway
serine,-2.9401531735307977,1.8713355209865057e-7,42428750.09180643,6644884.112460874,5878051.292376285,6546372.102067794,52847766.342418164,50407160.72144592,43100630.718460165,HMDB0000187,C00065,L-Serine,Amino acid metabolism
stearoylcarnitine C18,0.9935821418469811,0.18029589011688874,-943169.5782510771,1572959.552296802,2573241.1032843688,1538160.136559166,1850692.2966048743,555442.3529461673,448717.4078360645,HMDB0000848,NA,NA,Fatty acyl carnitines
succinate,-0.5808313820548251,0.03552110131093922,15601136.019168701,28220923.19462371,32997610.59856065,33198201.567274973,39546102.12748201,42678320.01948173,58995721.2710017,HMDB0000254,C00042,Succinate,Citrate cycle (TCA cycle)
succinylglutathione,-1.7984133897387191,5.2415073817924096e-5,2495162.3957727356,1257244.3699006285,1074189.0138693685,688887.5196481482,3953230.157290515,3574104.7328476016,2978473.2005982352,NA,C03174,S-Succinylglutathione,Glutathione metabolism
taurine,1.3773717604556481,3.6927398364694497e-6,-2889657192.6258497,5051047366.073927,4701112772.001733,4341881175.460559,2084269089.438931,1693870940.9203267,1646929705.2994103,HMDB0000251,C00245,Taurine,Not assigned
tetradecanoylcarnitine C14,-0.9982121829590234,0.009809817108278551,978515.6201114157,993166.7965590605,1097256.4231679465,852412.7676906588,2529778.017233798,1826551.2226313793,1522053.607886736,HMDB0005066,NA,NA,Not assigned
tetradecenoylcarnitine C14:1,0.06508707176221352,0.997292639989206,-55804.739975192584,1279776.1538182194,1138878.6387140574,1376521.0187158403,818846.702663323,1417977.9088951354,1390936.979764082,NA,NA,NA,Fatty acyl carnitines
thiamine,-0.44575036720721295,0.004696960690499186,23055193.48300524,53201728.470859885,64895560.17547754,72956060.06550786,86600447.81479609,82321788.84944582,91296692.49661912,HMDB0000235,C00378,Thiamine,Vitamin digestion and absorption
threonine,-2.137553059500231,3.520046897853568e-6,497974170.61501783,146777444.43951416,147943803.01508626,144648203.225264,735156746.1398935,636300014.2348229,561835202.1502017,HMDB0000167,C00188,L-Threonine,Amino acid metabolism
trans-4-hydroxyproline,-2.4177235872596063,3.007689714951134e-6,103138438.76549917,23853812.397407077,23991931.096616697,23394391.27508575,144520544.29309437,126350663.82083774,109784242.95167504,HMDB0000725,C01157,Hydroxyproline,Amino acid metabolism
trimethyllysine,0.18081963373157348,0.40009503252612366,-783997.9125195649,7309190.057354774,6061925.010965735,6595155.826936681,6238519.882446682,5118803.367924202,6256953.907327611,HMDB0001325,C03793,"N6,N6,N6-Trimethyl-L-lysine",Amino acid metabolism
tryptophan,-0.6060888630192617,4.875274840110411e-5,114884698.55501321,220652966.99882382,217657043.2604551,221786110.94153556,342974414.37916005,316408141.5039702,345367660.9827239,HMDB0000929,C00078,L-Tryptophan,Amino acid metabolism
tyrosine,-0.44458606872632983,0.014361752146979101,36024236.61620939,86368757.39233144,104397863.45581514,108667144.74116229,141284064.77950692,125795316.81865078,140427093.8397793,HMDB0000158,C00082,L-Tyrosine,Amino acid metabolism
UDP,0.3089056846579839,0.6207544947207637,-6799805.5712818615,42461576.85984421,32041995.697915003,31332089.250380415,38604904.662465625,23658013.650997162,23173326.780831255,HMDB0000295,C00015,UDP,Pyrimidine metabolism
UDP-GlcNac,-0.2939611174199112,0.15498927192431633,28039077.164883822,140404373.9248362,112369185.03440332,119423587.66433387,176964503.2764302,140445866.99524608,138904007.84654856,NA,NA,NA,Not assigned
UDP-hexose,0.0829080906372873,0.9087072511392453,-4850825.251408756,88445612.08409747,86095493.91058844,86034443.0728119,98757664.98527984,76499790.45327698,70765617.87471476,NA,NA,NA,Not assigned
UMP,0.7607895521249952,0.016517164569416765,-2217853.2397197476,5503086.172074005,5383140.633258168,5348828.120757152,4136091.0684995013,2724295.548385472,2721108.590045108,HMDB0000288,C00105,UMP,Pyrimidine metabolism
uric acid,0.16148175387371183,0.5984384671190348,-30625389.904040217,267768780.0368179,273828768.85423213,326028738.75063354,234697723.4893468,231711939.42934692,309340455.01086926,HMDB0000289,C00366,Urate,Purine metabolism
uridine,0.4340642426052696,0.5871148355257181,-292971.6360136323,1520229.9848790502,1186662.6612266738,675809.0650786951,832756.5817934095,656573.2848671336,1014456.936482979,HMDB0000296,C00299,Uridine,Pyrimidine metabolism
UTP,0.38907850413633344,0.7511226067340339,-21461265.98244752,127091210.0564472,71996544.7665343,73283148.52051525,107080622.81405875,48853010.385597855,52053472.19649755,HMDB0000285,C00075,UTP,Pyrimidine metabolism
Val-Lys,-0.611507799413627,3.4668267878856796e-4,13872787.461795565,30087389.664322335,25654830.89202083,23102061.300646238,42890269.1793885,38442608.97244046,39129766.09054715,HMDB0029132,NA,NA,Amino acid metabolism
valine,-0.3629610507070822,0.027198382571766433,72681194.82058918,250730685.72223973,245514255.35587332,265977945.467144,313973606.799751,305676938.71999204,360615925.48728156,HMDB0000883,C00183,L-Valine,"Valine, leucine and isoleucine biosynthesis"
valine-d8,0.43647622433797695,0.008862316286201932,-553222587.6804171,1966679924.5603344,2293488949.063939,2097183169.9165785,1483137881.4656148,1600737730.0829291,1613808668.951057,NA,NA,NA,NA
xanthine,-0.5023790281884049,0.3204761215961701,4192751.7843283825,11658586.562403947,7392297.173570967,11145561.816709142,12150459.96816542,11849147.518510278,18775093.418993503,HMDB0000292,C00385,Xanthine,Purine metabolism
