Metabolite,Log2FC,AveExpr,t.val,p.val,p.adj,top/Bottom_percentage,Significant,Cluster_ChangedMetabolites
340,-0.01682010069958928,-0.8522881129823382,-0.7951601756239387,0.4276567191030881,0.47890831019402796,FALSE,FALSE,FALSE
C00003,-1.6273629087553738,-0.7048877546700894,-4.954007040530626,1.7792986459659688e-6,4.2082997020771876e-6,FALSE,TRUE,FALSE
C00004,0.10120568924413975,-1.3092726898247116,0.7559853093264027,0.4507303239967788,0.501789618512039,FALSE,FALSE,FALSE
C00009,-0.32845231079899156,-0.07376695835173691,-3.4167658719028613,7.970898867672452e-4,0.0013643880944664557,FALSE,TRUE,FALSE
C00013,-0.3477883769005431,-0.7297262885064407,-1.6140000015725302,0.10842824709239107,0.13494345162153473,FALSE,FALSE,FALSE
C00016,-1.9464525610238341,-0.3850663379629954,-13.672013859620893,5.559841700540003e-29,9.90346802908688e-28,TRUE,TRUE,TRUE
C00020,0.5089125258746043,-0.14137315226993877,2.5306628640138094,0.012315616418626565,0.018019375329000335,FALSE,FALSE,FALSE
C00021,1.1786024906238135,0.24564642463431904,9.432733298663448,3.5238350615296556e-17,2.678114646762538e-16,TRUE,TRUE,TRUE
C00025,0.611809158005078,-0.04907728961750586,7.490688593305945,3.868785107645579e-12,1.8075471404573605e-11,TRUE,TRUE,TRUE
C00031,2.6262854379404086,-0.16351688380548654,12.070707781603804,1.7655897548992918e-24,2.454600390957552e-23,TRUE,TRUE,TRUE
C00037,-0.3378391536180576,-0.1374740212894682,-2.299806121269264,0.022705460987925218,0.03219431035601337,FALSE,FALSE,FALSE
C00041,-0.38807829445169106,-0.013670644745029426,-2.856180826518849,0.004836377974299909,0.007470827765178721,FALSE,TRUE,FALSE
C00042,1.0834341416898345,-0.007545175632766637,5.267537638335807,4.244023055889889e-7,1.0896815954311878e-6,FALSE,TRUE,FALSE
C00047,-0.5560030872587916,0.03851183894100577,-5.11193163477779,8.707197803078304e-7,2.1672937763120667e-6,FALSE,TRUE,FALSE
C00049,-1.2592913277849953,-0.12425684168737669,-8.344168915068316,2.6682329579487202e-14,1.4623969096449717e-13,FALSE,TRUE,FALSE
C00051,3.9786929120325913,-1.083572627785613,9.15350594400667,1.9786432302734322e-16,1.3426507633998289e-15,TRUE,TRUE,TRUE
C00055,0.9224564000796031,0.1849612828592169,7.480254813549222,4.1054569644731715e-12,1.9025288371948844e-11,TRUE,TRUE,TRUE
C00062,-0.42995303535797996,0.032318471342646975,-4.327089220662623,2.603557638716222e-5,5.22545019038115e-5,FALSE,TRUE,FALSE
C00064,0.4294685671410404,0.034166687268863086,5.380692224913911,2.494591783168743e-7,6.582950538917516e-7,FALSE,TRUE,FALSE
C00065,-1.397338001758048,0.08466155262561986,-9.369411654769037,5.21823007901671e-17,3.8133219808199034e-16,TRUE,TRUE,TRUE
C00072,0.14860045440341604,-0.15580488178931248,0.5596146597218603,0.576497219858678,0.6235358924467674,FALSE,FALSE,FALSE
C00073,-0.8755809506327863,0.015506921855995158,-8.531960994190218,8.674203189526491e-15,4.9442958180301e-14,FALSE,TRUE,FALSE
C00074,-1.6062857015053777,-0.7239815346566144,-5.6870360288609385,5.709665222782747e-8,1.7128995668348242e-7,FALSE,TRUE,FALSE
C00077,-0.19986254966449354,0.1255936115791969,-1.0529198486566684,0.29390919211933364,0.335727934885812,FALSE,FALSE,FALSE
C00078,-2.138852142684291,-0.4292146409953555,-9.823353557566591,3.078809583188434e-18,2.6192857648021007e-17,TRUE,TRUE,TRUE
C00079,-0.6385450273457245,-0.010223144695816394,-6.887705157620021,1.1195927351039105e-10,4.5911356763253884e-10,FALSE,TRUE,FALSE
C00082,-0.839286574977816,0.0478536586573636,-9.08231221667601,3.064366205248349e-16,2.0137183523811524e-15,FALSE,TRUE,FALSE
C00086,-0.8785213715175753,0.10987582579673794,-5.476497412219807,1.5817693800411514e-7,4.3231290559680426e-7,FALSE,TRUE,FALSE
C00090,-0.68014131147382,-0.5417966268697993,-4.753048827596378,4.321431443070848e-6,9.81360925318878e-6,FALSE,TRUE,FALSE
C00093,-0.21690795938737506,-0.23361828469317952,-1.35355585926233,0.17771977077410828,0.2135248161215985,FALSE,FALSE,FALSE
C00095,2.113745652084308,0.5893284539816277,11.753233271343204,1.374362253268993e-23,1.6667797539645233e-22,TRUE,TRUE,TRUE
C00097,0.3563935065312463,-0.07570298923868614,1.2710622915412975,0.20548616646951448,0.24249920266588665,FALSE,FALSE,FALSE
C00099,1.4919109380984752,0.3016168605398809,7.117270758588784,3.1606281503191906e-11,1.3752351493755257e-10,TRUE,TRUE,TRUE
C00103,2.6188403985238287,-1.9363375857584306,15.088588587560748,6.167544324660218e-33,1.4062001060225296e-31,TRUE,TRUE,TRUE
C00106,-0.613928807457831,0.037316091880916315,-3.7974186146001943,2.0482235650052803e-4,3.7539788811993884e-4,FALSE,TRUE,FALSE
C00116,-0.01957244446753662,-0.009294952036177952,-0.13311937695691115,0.8942603368598265,0.9134917419535862,FALSE,FALSE,FALSE
C00121,0.46461936869251885,-0.2025795264916849,2.108146310125358,0.03652099839187686,0.049801361443468445,FALSE,FALSE,FALSE
C00122,-1.603785878214893,-0.004260910938516447,-10.55896322388197,2.9378554312831134e-20,2.8872027514334046e-19,TRUE,TRUE,TRUE
C00123,-0.6522834401747913,0.04115933735011844,-7.173631173175437,2.3096324127819587e-11,1.0205352521594701e-10,FALSE,TRUE,FALSE
C00127,3.148365635318414,-1.0374046513804354,8.832619808710259,1.4088232203892306e-15,8.728578648063712e-15,TRUE,TRUE,TRUE
C00134,2.0936941918559304,0.16337909727221409,8.528407726073842,8.86135901615904e-15,5.000964989317478e-14,TRUE,TRUE,TRUE
C00135,-0.9442585364457069,0.0779761301217685,-9.358708022631175,5.575871837602004e-17,4.023097401814104e-16,TRUE,TRUE,TRUE
C00137,-1.831526745856375,-0.33891676859743275,-9.523545605020786,2.0041214904348142e-17,1.6319274993540629e-16,TRUE,TRUE,TRUE
C00140,-0.3235855854667058,-1.363878914475588,-1.1532723743622106,0.2504578199112315,0.29254294538811876,FALSE,FALSE,FALSE
C00147,0.5922980048228222,0.051595195367623414,2.4624310879052724,0.014822101659405286,0.021552545780257688,FALSE,FALSE,FALSE
C00148,-0.8426315447445671,0.053842318963549664,-8.956180412922803,6.633753854754636e-16,4.2485839294495985e-15,FALSE,TRUE,FALSE
C00149,-1.1572860310395772,-0.28720932874199606,-6.927089377376717,9.025625625776289e-11,3.727975801951075e-10,FALSE,TRUE,FALSE
C00152,-1.1798812950303101,0.08740680425286707,-6.989176235009684,6.417928427604618e-11,2.6702329954267385e-10,FALSE,TRUE,FALSE
C00153,-0.17135754420718885,0.0227128978263105,-1.7984373258564073,0.0739261522362717,0.09511942838527059,FALSE,FALSE,FALSE
C00155,0.10226995133644334,-0.6329099482856501,0.4045773962600493,0.6863094192922642,0.7249136760542088,FALSE,FALSE,FALSE
C00158,1.9065590879404715,0.23993235003885313,6.34191622342604,2.0715506800713188e-9,7.244072930310746e-9,FALSE,TRUE,FALSE
C00159,1.1611486668678055,0.15927489028799943,5.205565268493698,5.659960198156034e-7,1.446716283833605e-6,FALSE,TRUE,FALSE
C00160,-0.45302599204506,-0.029364567174308544,-6.427298621024486,1.3238664554849408e-9,4.658048639669236e-9,FALSE,TRUE,FALSE
C00168,0.1221673766352428,-0.7748998794220716,1.9233705319880343,0.056146313205229975,0.0744265082022816,FALSE,FALSE,FALSE
C00170,0.8841233183040138,0.08780083275953265,4.990227797211722,1.5123105491195207e-6,3.621920222681205e-6,FALSE,TRUE,FALSE
C00178,-0.08660501242578182,0.06169058287009967,-0.3994446405972649,0.6900794725961488,0.726689499375683,FALSE,FALSE,FALSE
C00179,0.5863294938562913,0.014643660166034432,3.2029631455910286,0.0016310194146211066,0.002679196156582221,FALSE,TRUE,FALSE
C00180,-0.6328198360978277,-0.22201016535842505,-5.485856270936405,1.5125016854100935e-7,4.164859713448083e-7,FALSE,TRUE,FALSE
C00181,-1.5709116667842062,-0.196198376901016,-5.52128124660258,1.2761257703253416e-7,3.548252141880218e-7,FALSE,TRUE,FALSE
C00183,-0.7532022904206978,0.10020217224833183,-8.824341584398873,1.4815522727023868e-15,9.015144847142196e-15,FALSE,TRUE,FALSE
C00184,0.451914494293032,-0.7055419465352922,2.5432464574909224,0.011897129072957062,0.01747774116388022,FALSE,FALSE,FALSE
C00186,0.5493645126174468,0.0887103323509848,4.180194265809206,4.703738466689499e-5,9.213508336814482e-5,FALSE,TRUE,FALSE
C00187,0.30015173937978895,-0.05710100281587834,2.868171412267736,0.004665247396704505,0.007245752087524708,FALSE,TRUE,FALSE
C00188,-1.1862586485115898,0.06555097250424843,-7.9174288623481,3.305253758648644e-13,1.7127224022088428e-12,FALSE,TRUE,FALSE
C00189,-1.284089937737431,-0.258821076919681,-5.7817846739037995,3.58161279172319e-8,1.0975910168183969e-7,FALSE,TRUE,FALSE
C00191,-1.7464575798037676,-0.45458297107728934,-7.869629604795812,4.3667087263559595e-13,2.222342833949015e-12,FALSE,TRUE,FALSE
C00208,4.601100053218317,-1.437597657095982,21.31331058384951,2.294412188999561e-49,1.3078149477297497e-46,TRUE,TRUE,TRUE
C00212,-0.6571287253932433,-0.3156706173601512,-3.813045479322673,1.9327366148743196e-4,3.55405816867577e-4,FALSE,TRUE,FALSE
C00213,1.1984723958200543,0.13322270188613472,7.763717239223658,8.072896306381343e-13,3.9329494825960386e-12,TRUE,TRUE,TRUE
C00214,-0.20563482826105428,-1.3311954185918122,-2.085870788777355,0.038520890727899375,0.05227835170214915,FALSE,FALSE,FALSE
C00219,-1.5870116819967328,0.07512954050208104,-13.934955221792148,1.017945320908989e-29,1.934096109727079e-28,TRUE,TRUE,TRUE
C00233,-0.14423593000490953,-0.7545741880240793,-0.7337669523166107,0.46412669987990796,0.5156963331998977,FALSE,FALSE,FALSE
C00242,0.4587841959547334,-1.616810506645319,1.9381558300437214,0.054302271101726696,0.07214987069460191,FALSE,FALSE,FALSE
C00245,0.08406975266405778,-0.09910575307939187,0.5290974881691258,0.5974451881152113,0.6437500136591124,FALSE,FALSE,FALSE
C00249,0.11102362275750413,-0.03311272175764406,1.6821789778730023,0.0944157939656481,0.11959333902315425,FALSE,FALSE,FALSE
C00250,-1.3456766748354665,-0.4624826946707411,-10.261502170096929,1.9439554514859041e-19,1.8164829628638777e-18,TRUE,TRUE,TRUE
C00252,0.5656826085968556,-1.0341181912362052,2.850918320947492,0.004913278922173001,0.00756910536659084,FALSE,TRUE,FALSE
C00253,0.20505694716870934,-0.17472026452938225,2.0863887610232665,0.038473341705906765,0.05227835170214915,FALSE,FALSE,FALSE
C00255,-1.0951531674330794,0.041063547856968655,-8.92582980521149,7.984431154598528e-16,5.056806397912401e-15,FALSE,TRUE,FALSE
C00257,-1.7634648655360914,-0.17820693298209428,-6.6672263563843135,3.696325576413596e-10,1.4140305896347314e-9,FALSE,TRUE,FALSE
C00258,-0.21638757957614546,-0.05877911312558403,-1.5624781760565012,0.12008132706629644,0.14847365819477001,FALSE,FALSE,FALSE
C00262,-0.695769741769192,-0.005542839952621428,-8.205639353845806,6.074917638760355e-14,3.236171078591965e-13,FALSE,TRUE,FALSE
C00263,1.1081693804655184,-0.7817162719281741,5.457991566600773,1.7279661105711575e-7,4.62413466209183e-7,FALSE,TRUE,FALSE
C00270,1.0347191889120742,0.2953234898039095,9.209049344371573,1.4055301766623334e-16,9.652436152982289e-16,TRUE,TRUE,TRUE
C00275,3.2904433320926754,0.1627995532518931,16.22046316929279,4.6999873038682553e-36,2.435447966549914e-34,TRUE,TRUE,TRUE
C00296,-0.9954759358086218,-0.07551588396097678,-3.7517408117644626,2.4244574662520222e-4,4.387113510360802e-4,FALSE,TRUE,FALSE
C00299,0.008538267737938157,-0.12063522287639568,0.08921495520823014,0.9290187130002511,0.9405695673359558,FALSE,FALSE,FALSE
C00300,0.8945528818549601,0.2564837509587549,6.5839226793243695,5.773022186825376e-10,2.122982352574493e-9,FALSE,TRUE,FALSE
C00309,0.7276514311729487,0.021609825253551325,4.9906932114097735,1.5091467197328663e-6,3.621920222681205e-6,FALSE,TRUE,FALSE
C00310,0.8903841351576678,-0.05266796847905883,6.309189221955761,2.4571917433411402e-9,8.540239595758841e-9,FALSE,TRUE,FALSE
C00315,0.6777841359086019,0.17290337574020642,5.666224672824098,6.3214817214325e-8,1.8383900924574106e-7,FALSE,TRUE,FALSE
C00318,0.36289893463840495,-0.031699621863182835,3.4791992654732127,6.425284604050654e-4,0.0011064689499422577,FALSE,TRUE,FALSE
C00319,1.4135679159657388,-0.28913259808717473,6.257782480461619,3.209669919911679e-9,1.1087950632422164e-8,FALSE,TRUE,FALSE
C00327,0.37379709775162984,-0.13390007880110077,3.4535591231834157,7.022484014847816e-4,0.001205667436284113,FALSE,TRUE,FALSE
C00328,2.7291953954467334,0.46696481760332587,13.701988620326599,4.5809204498791434e-29,8.422982762681006e-28,TRUE,TRUE,TRUE
C00330,0.36329497582872866,-0.07029227555378095,1.8827701511430028,0.061482458409604666,0.08093533786021861,FALSE,FALSE,FALSE
C00334,-1.7599856005244299,-0.02121348589109659,-8.620536262957785,5.089552216439009e-15,2.960249758541056e-14,FALSE,TRUE,FALSE
C00345,1.3122495050984493,-0.0548989089373165,7.074551570653783,4.0056743940496035e-11,1.71671759744983e-10,TRUE,TRUE,TRUE
C00346,-0.13819831794146892,-0.04678011334632387,-1.5508609523178245,0.12284097047141514,0.15122970446804887,FALSE,FALSE,FALSE
C00357,1.0303611507913386,0.13642094192980192,8.774234636753896,2.0085708789045562e-15,1.1925889593495803e-14,TRUE,TRUE,TRUE
C00366,-0.6617936398003911,-0.08112978447359279,-5.96952849441565,1.4020512245395184e-8,4.540734079474577e-8,FALSE,TRUE,FALSE
C00379,-0.8280425342981683,-0.22393081534949175,-4.5154357671905725,1.1940664974466703e-5,2.511505179131373e-5,FALSE,TRUE,FALSE
C00385,-0.41752155907353616,-0.04121782471823355,-5.6460354762065945,6.976042970430131e-8,2.0184489812919668e-7,FALSE,TRUE,FALSE
C00387,0.9051575035886312,-0.14720554671105993,7.029497681040251,5.138843052367811e-11,2.1697337332219647e-10,FALSE,TRUE,FALSE
C00388,1.1325172969051376,-1.4187127688604848,3.5068702682381163,5.834435114355199e-4,0.0010108291839460374,FALSE,TRUE,FALSE
C00392,-1.7482875315247997,-0.7049852557089196,-3.5256494366314404,5.462947630292947e-4,9.522569263813394e-4,FALSE,TRUE,FALSE
C00407,-0.7099748683565807,0.06281921484927876,-7.863900360850509,4.514715249346405e-13,2.2573576246732025e-12,FALSE,TRUE,FALSE
C00408,0.09660846902333758,-0.1777623593002889,0.6207320744520874,0.5356279375466177,0.5815389036220421,FALSE,FALSE,FALSE
C00417,0.9115807085832297,-0.27915649540618914,4.278188738579565,3.175293063854346e-5,6.328381281108311e-5,FALSE,TRUE,FALSE
C00429,2.014604096730863,-0.49276096824826865,6.6489199841624185,4.077881828682758e-10,1.5393328757279286e-9,FALSE,TRUE,FALSE
C00431,1.0373564320712205,-0.8407463407467837,6.5507523613595735,6.888687408798321e-10,2.4851593816550907e-9,FALSE,TRUE,FALSE
C00437,-0.16698559772761268,-0.39618665255994523,-0.8670298166140324,0.38717823682249397,0.4361493972111098,FALSE,FALSE,FALSE
C00440,-1.6481724658717996,-1.487632763323665,-11.580805504465658,4.1821605311617344e-23,4.96631563075456e-22,TRUE,TRUE,TRUE
C00449,1.032192265068651,-2.1076780121724092,4.911429010708104,2.15181680952916e-6,5.026785169801726e-6,FALSE,TRUE,FALSE
C00455,-0.9364967390035752,-1.014082087832287,-2.9338927163582458,0.0038216726067396407,0.005984487323740646,FALSE,TRUE,FALSE
C00464,3.802034839107499,-0.9685295628564808,15.46892513978661,5.462844778813742e-34,1.4827721542494444e-32,TRUE,TRUE,TRUE
C00474,-0.28977647646985444,-0.048186242904425323,-1.5104168172433852,0.13283981749261026,0.16283590531352227,FALSE,FALSE,FALSE
C00475,-0.668591345065071,-0.4057610715740976,-3.366501239807693,9.461432662133103e-4,0.0016003016668889817,FALSE,TRUE,FALSE
C00486,0.1104063342178302,-1.0407221436357639,1.6642942865417072,0.09794165174863403,0.12351049003699426,FALSE,FALSE,FALSE
C00489,0.09985287021661368,-0.2244235475866058,0.5453259908681108,0.5862618981795588,0.6328963673529328,FALSE,FALSE,FALSE
C00491,0.7466319831100725,-1.4226249406966796,1.8067028334147905,0.07262118562483291,0.09386411747427384,FALSE,FALSE,FALSE
C00503,0.3151235503675265,0.37289878789600106,1.8269623214464326,0.06950291591393017,0.09024296599303006,FALSE,FALSE,FALSE
C00519,0.258800275437358,0.041479047257140904,1.3131607709969089,0.19094254115562562,0.22674426762230543,FALSE,FALSE,FALSE
C00523,-0.991916043917632,-0.5935556368912369,-4.6803932352967195,5.919168560851366e-6,1.3026741620406481e-5,FALSE,TRUE,FALSE
C00535,-0.165936341004095,-0.3925518034917327,-1.0680153767290563,0.2870655196298006,0.33056029533128556,FALSE,FALSE,FALSE
C00581,-1.2394843958813013,-1.0954946511149837,-5.5980135049754285,8.810618792938932e-8,2.511026355987596e-7,FALSE,TRUE,FALSE
C00583,-0.208256219477415,0.1183421106924506,-1.6220922653824774,0.10668286964152442,0.13306178489205453,FALSE,FALSE,FALSE
C00584,-0.2732032383545264,-1.9475046491290755,-1.4524829396054433,0.14825646870427905,0.1798003982158278,FALSE,FALSE,FALSE
C00597,-0.8754326444936105,-0.13143712076602454,-4.360423347009185,2.2719367062014885e-5,4.608554884465653e-5,FALSE,TRUE,FALSE
C00631,-0.7174952422693055,-0.9935656027702716,-2.293126731881098,0.02309618991521529,0.03266706762201666,FALSE,FALSE,FALSE
C00642,-1.4155840058799556,-0.8823071794853863,-11.306522864788546,2.447856410942987e-22,2.628894118525538e-21,TRUE,TRUE,TRUE
C00668,3.3315636566869986,0.2691003036480622,17.98949581683005,7.993662417360849e-41,5.695484472369605e-39,TRUE,TRUE,TRUE
C00669,1.254532343170939,-0.3489748148511769,5.67032923397207,6.195948491757638e-8,1.8298915234724629e-7,FALSE,TRUE,FALSE
C00670,0.778140536717622,-0.06381596374674328,5.881589766223464,2.180363650851299e-8,6.943057435671735e-8,FALSE,TRUE,FALSE
C00671,-0.2041390523757195,-0.7882755208365225,-1.1989472398558312,0.23225853511309336,0.27240198562646756,FALSE,FALSE,FALSE
C00695,-0.39274225262282925,-1.3819946991873637,-3.057491055544227,0.0026025435437478516,0.0041787318871444375,FALSE,TRUE,FALSE
C00712,0.5165520232353811,-0.09857482049547256,3.7812200217055794,2.174822685026431e-4,3.9605397139458966e-4,FALSE,TRUE,FALSE
C00716,-1.397338001758048,0.08466155262561986,-9.369411654769037,5.21823007901671e-17,3.8133219808199034e-16,TRUE,TRUE,TRUE
C00719,-0.4456117397385343,-0.2084755759952329,-2.6264255929428675,0.009436696418550123,0.01408093444652767,FALSE,FALSE,FALSE
C00721,5.02595520990529,-1.8561272743656645,20.213074733412668,1.328775317438066e-46,3.787009654698488e-44,TRUE,TRUE,TRUE
C00735,0.03596021573594488,-0.7683077251191575,0.3820426396161716,0.7029187712340539,0.7377106339934096,FALSE,FALSE,FALSE
C00750,1.1916139476844947,-2.607175356661659,3.0119599246818294,0.0030023572367020254,0.004766973885571461,FALSE,TRUE,FALSE
C00751,-0.5628186981809497,-0.9874272991193185,-3.396928330124418,8.530763860154425e-4,0.0014515031045635887,FALSE,TRUE,FALSE
C00762,-1.1834478250696043,-1.2828677717676311,-5.970965875654142,1.3919231964894622e-8,4.533692697137105e-8,FALSE,TRUE,FALSE
C00785,-1.1534748286260317,-0.37240105530389184,-11.426853337938882,1.1281351606878576e-22,1.3123204930450589e-21,TRUE,TRUE,TRUE
C00788,NA,NA,NA,NA,NA,TRUE,FALSE,FALSE
C00791,-1.3971487726000098,0.11413860527915601,-8.816663514273964,1.5523385371252985e-15,9.314031222751792e-15,FALSE,TRUE,FALSE
C00794,1.6237909412301605,-0.08872657952279134,5.072560639121299,1.0419880456137458e-6,2.549069467810451e-6,FALSE,TRUE,FALSE
C00805,NA,NA,NA,NA,NA,TRUE,FALSE,FALSE
C00815,-2.6286658807441636,-0.963041851921318,-12.271524762689296,4.813846498973848e-25,7.035621806192547e-24,TRUE,TRUE,TRUE
C00818,0.4355283083538452,-0.2421014393098223,2.1335797780323005,0.03434735464074489,0.04740433933468423,FALSE,FALSE,FALSE
C00836,1.0267968057818257,-1.4760755713874605,5.167623243356283,6.743500814867527e-7,1.70835353976644e-6,FALSE,TRUE,FALSE
C00847,-1.9091780573466413,-0.7864428120889057,-12.65171663236198,4.103748270276964e-26,6.406202441018744e-25,TRUE,TRUE,TRUE
C00864,-2.052570714718966,0.2852168639916709,-16.000895478125152,1.8764090761334777e-35,7.720802034905406e-34,TRUE,TRUE,TRUE
C00878,0.0046119964650379874,0.09680099543621208,0.03271844303974048,0.9739384549130853,0.980821412191623,FALSE,FALSE,FALSE
C00882,-0.46186735793657685,-1.119490398104459,-3.1907262279879602,0.0016974664032327264,0.002780332901846707,FALSE,TRUE,FALSE
C00898,-1.6120491050950445,-1.59757508858382,-4.648810970078668,6.779518371429317e-6,1.458236027062155e-5,FALSE,TRUE,FALSE
C00946,-0.7156962435796476,-0.10524053887093555,-5.789658958444828,3.444722867544607e-8,1.067115236141536e-7,FALSE,TRUE,FALSE
C00954,-2.542058934087398,-0.8091796007958015,-12.007625128392831,2.6551650730327758e-24,3.5196374223922844e-23,TRUE,TRUE,TRUE
C00956,1.2042407564551545,0.291048748735675,5.3338889884186,3.110568030578636e-7,8.059198988317375e-7,FALSE,TRUE,FALSE
C00989,1.2097481852164484,0.6381361627531731,4.4948326383852795,1.3018348961620633e-5,2.717015873034528e-5,FALSE,TRUE,FALSE
C00993,0.07277213180687542,-0.2721991302918932,0.4039629475106864,0.6867603246829346,0.7249136760542088,FALSE,FALSE,FALSE
C01004,-1.2200535202366494,0.061547692117572675,-5.897844359023994,2.0100744856456027e-8,6.436755375381986e-8,FALSE,TRUE,FALSE
C01019,-0.23046365423358656,0.2317501208127723,-1.3488558337925958,0.17922193291649988,0.2137165308836923,FALSE,FALSE,FALSE
C01026,0.135831584803665,0.06888454128345743,1.088554696729881,0.2779294370728978,0.3213382943844863,FALSE,FALSE,FALSE
C01035,0.07352475349652288,-0.07226767855017965,0.5124825032818672,0.608995134003059,0.6539207013414122,FALSE,FALSE,FALSE
C01040,-1.053102241152247,-0.02744420512573895,-6.587198800732768,5.673003835369297e-10,2.0997481728314932e-9,FALSE,TRUE,FALSE
C01042,-3.248459007106936,-0.0788293829177572,-18.3107585572967,1.127657353480884e-41,9.182352735487198e-40,TRUE,TRUE,TRUE
C01046,-1.6368442441848237,-1.3447487454876332,-4.224449761013975,3.942052451493514e-5,7.748172059832079e-5,FALSE,TRUE,FALSE
C01089,-0.17080519653759696,-0.005134829188513506,-0.9166550202093474,0.36065430500394935,0.4078828449449427,FALSE,FALSE,FALSE
C01094,3.355622060657182,-0.8103717158061008,12.649673848470062,4.158412110836729e-26,6.406202441018744e-25,TRUE,TRUE,TRUE
C01096,0.5989639973289418,-0.26097221283016664,4.738155974891213,4.61054891697571e-6,1.0346507412110845e-5,FALSE,TRUE,FALSE
C01118,0.3527010080582483,-0.423043716964252,2.430778048019714,0.01613181802665886,0.023337909327907486,FALSE,FALSE,FALSE
C01152,-0.6915506962214903,-0.5396995064584255,-5.762933638205038,3.93131759638989e-8,1.1919420372033177e-7,FALSE,TRUE,FALSE
C01157,-0.8976905562670123,-0.36122435969930144,-3.382324395902047,8.966213671970683e-4,0.001521054105066455,FALSE,TRUE,FALSE
C01177,-1.4096461125801896,-0.28866821794482045,-9.901238285928128,1.8880219141244157e-18,1.6305643803801773e-17,TRUE,TRUE,TRUE
C01181,0.37017036190388863,0.0959277083099209,4.227286885273307,3.8974829832587e-5,7.713768404366178e-5,FALSE,TRUE,FALSE
C01233,-1.624582465620632,-0.36510783799780316,-5.787396504572998,3.4835212605139815e-8,1.0733011451313348e-7,FALSE,TRUE,FALSE
C01262,-1.0058667175795053,-1.9074483331041077,-6.563544013708268,6.435324965261247e-10,2.336391866368733e-9,FALSE,TRUE,FALSE
C01367,-1.01120529103275,-0.03823177274412314,-7.360017956015127,8.11543070945781e-12,3.7006364035127606e-11,FALSE,TRUE,FALSE
C01419,1.053190560315778,-3.444457245388696,4.808768964448159,3.387380818716455e-6,7.754245247664174e-6,FALSE,TRUE,FALSE
C01425,0.3178955036077474,-0.1788719595677034,1.4840439619294905,0.13969508694696728,0.17014145205079345,FALSE,FALSE,FALSE
C01468,-0.9366005051046153,-0.06917172182871478,-3.974735978405289,1.0494146292552368e-4,1.9612011104114263e-4,FALSE,TRUE,FALSE
C01517,NA,NA,NA,NA,NA,TRUE,FALSE,FALSE
C01530,0.31780795447720894,0.02439024804235572,4.928790055295562,1.9915964290458547e-6,4.673518820471994e-6,FALSE,TRUE,FALSE
C01571,-0.38473993176715054,-0.06971842819184096,-5.852488137015375,2.521224035611191e-8,7.983876112768771e-8,FALSE,TRUE,FALSE
C01582,0.5175829785782695,-0.1820887219780462,2.286744376136829,0.023475035200611352,0.03312071798106057,FALSE,FALSE,FALSE
C01585,0.8955579246496481,0.13935250756537718,4.765698892492478,4.089690776615497e-6,9.324494970683332e-6,FALSE,TRUE,FALSE
C01586,-3.4638050024988796,0.08635714547436181,-14.536687894138735,2.115134060229393e-31,4.157332463209497e-30,TRUE,TRUE,TRUE
C01595,0.329671634215155,-0.03674025279179473,3.710900813323592,2.815410589720362e-4,5.062410208645445e-4,FALSE,TRUE,FALSE
C01601,-0.3460580755828262,-0.13387338094833143,-5.510555619268135,1.3436013896520642e-7,3.717732000493576e-7,FALSE,TRUE,FALSE
C01620,-0.13620477054854413,0.11578906282239634,-0.7635416678670689,0.44622511833910417,0.4977462181081984,FALSE,FALSE,FALSE
C01762,-0.9616014897915881,-0.1837149663832157,-6.757157329114021,2.2765117633045616e-10,8.949046241955863e-10,FALSE,TRUE,FALSE
C01835,5.02595520990529,-1.8561272743656645,20.213074733412668,1.328775317438066e-46,3.787009654698488e-44,TRUE,TRUE,TRUE
C01879,-0.7421399328868996,-0.20795372330350492,-6.577369253387348,5.978332903531737e-10,2.1843908685981345e-9,FALSE,TRUE,FALSE
C01936,0.33707120227889076,-0.9570246597607408,5.33653818626579,3.072057375045462e-7,7.995765770666272e-7,FALSE,TRUE,FALSE
C02037,-1.4390447335107426,-0.0704698257736357,-7.697706762169891,1.1818498547505206e-12,5.708935739049125e-12,FALSE,TRUE,FALSE
C02043,-0.49808070492656553,-0.573026065661163,-2.177295172995278,0.030871457780780317,0.04302379201722441,FALSE,FALSE,FALSE
C02067,-1.7343876242836553,-0.17784319485072145,-15.605987141866288,2.286824785905078e-34,7.667588988034673e-33,TRUE,TRUE,TRUE
C02155,0.18833589642975157,0.08304407980086533,1.0623040992874464,0.2896418977590809,0.3328546002473309,FALSE,FALSE,FALSE
C02180,-0.9872309643410992,0.10707619991789788,-5.466209084388143,1.6614889496317297e-7,4.4758669604173917e-7,FALSE,TRUE,FALSE
C02261,0.239678509443092,-0.030082891292773195,1.8744840696195724,0.06262202720362885,0.0820564494392378,FALSE,FALSE,FALSE
C02354,-0.4005210192934904,-0.5500129650705995,-1.8769043698097543,0.06228736000488668,0.08180597972992029,FALSE,FALSE,FALSE
C02477,2.5475205804700423,0.4520822092824695,13.109430900362476,2.116701187579682e-27,3.656120233092178e-26,TRUE,TRUE,TRUE
C02483,2.437121774450775,-0.925391557065317,7.8164172250743755,5.94884192249507e-13,2.94855643114973e-12,TRUE,TRUE,TRUE
C02494,-1.9445838120423429,-0.5604767873009961,-15.175202807769129,3.5479447197096884e-33,8.792732566237054e-32,TRUE,TRUE,TRUE
C02504,-0.6304839128056188,-0.35833909283367743,-3.635665807885385,3.6963564478909174e-4,6.584134922805697e-4,FALSE,TRUE,FALSE
C02562,1.0824699669744526,-0.7008664655257587,4.47718081819781,1.401559967144947e-5,2.8945260191036947e-5,FALSE,TRUE,FALSE
C02571,1.4695384541397725,0.2524460072334742,12.446780109601507,1.5476106867588367e-25,2.321416030138255e-24,TRUE,TRUE,TRUE
C02603,2.377518209889472,-0.022908665901460068,14.86013771335202,2.6580599216001175e-32,5.611459834489137e-31,TRUE,TRUE,TRUE
C02630,2.362590212489005,0.43937652267953653,12.802814456671198,1.5420667269231384e-26,2.5113658124176824e-25,TRUE,TRUE,TRUE
C02636,-0.022137287231493566,0.07751270035250757,-0.1960490911038254,0.8448117267239686,0.8692106213585958,FALSE,FALSE,FALSE
C02642,0.24457493582202838,-0.38716045949873434,0.9666542507279675,0.3351242427259373,0.38127907855046766,FALSE,FALSE,FALSE
C02678,-0.11619796661832382,-0.7347105190351861,-1.3151124365433127,0.19028733647969262,0.22643795781508308,FALSE,FALSE,FALSE
C02679,-0.6088208116899374,-0.18895179475942211,-7.188128728333846,2.1301730263271036e-11,9.485926757862883e-11,FALSE,TRUE,FALSE
C02710,1.054384389766737,-0.5610567202281366,5.339242454398848,3.0332253675688866e-7,7.930910364744337e-7,FALSE,TRUE,FALSE
C02712,1.4270364902478123,0.0425597245471741,9.393972501244583,4.481530552667008e-17,3.3174966428833695e-16,TRUE,TRUE,TRUE
C02716,1.9533992181737712,0.3388629389196546,9.08182351292115,3.073570116792285e-16,2.0137183523811524e-15,TRUE,TRUE,TRUE
C02727,-2.00500877972577,0.34108818750506825,-15.328651297548063,1.3339028661204963e-33,3.456021062221286e-32,TRUE,TRUE,TRUE
C02847,-1.1061082531825108,0.036835991012181254,-10.519085878188191,3.787069798638783e-20,3.5977163087068436e-19,TRUE,TRUE,TRUE
C02862,0.8052242222040862,0.09767586940015292,4.576060790968948,9.245001718227786e-6,1.9589780592527277e-5,FALSE,TRUE,FALSE
C02979,0.434209572789443,0.02676294461782029,2.7708560802455233,0.006229301395718281,0.009493855068340695,FALSE,TRUE,FALSE
C03017,-0.19528661407463377,0.03234461894074371,-1.352729354555649,0.17798323999111218,0.2135248161215985,FALSE,FALSE,FALSE
C03079,1.9419330972557258,-2.0064283774818064,6.870289114715858,1.2312753932013978e-10,4.962363494268784e-10,FALSE,TRUE,FALSE
C03137,-0.4800653566496855,-6.0446740720892524,-1.0769526609821989,0.2830652878629547,0.3266137936880246,FALSE,FALSE,FALSE
C03242,0.2518538273035272,-0.09052254662068507,2.0138218060291067,0.0456447336435303,0.06179928308031418,FALSE,FALSE,FALSE
C03406,-0.13993582016672867,-1.909825378961796,-0.3763742700326506,0.7071196768210354,0.7395563592440186,FALSE,FALSE,FALSE
C03519,-0.16574304407372442,-1.133061128025536,-1.1090906237491494,0.26899658501269186,0.3116423850756796,FALSE,FALSE,FALSE
C03594,0.8397591563268892,-1.2670527808359275,3.2534800204944747,0.0013814743684052713,0.0022957445772332497,FALSE,TRUE,FALSE
C03626,-1.8166859634257304,-0.006429114583797242,-12.966990565639485,5.3243622119009386e-27,8.926136649363339e-26,TRUE,TRUE,TRUE
C03672,0.802424813340695,-0.19238045719580912,4.534615385301753,1.1015033129188554e-5,2.325395882828695e-5,FALSE,TRUE,FALSE
C03722,0.3064533940056411,-1.4850631881782288,1.0559986936564203,0.29250448569271514,0.3347942908531077,FALSE,FALSE,FALSE
C03793,-0.5787548351862424,0.02567987895914877,-4.739923898214086,4.575273967073778e-6,1.0307929491035783e-5,FALSE,TRUE,FALSE
C03794,0.06488822564022989,-1.0487156713209593,0.43079838986463276,0.6671742738762038,0.7094950300549182,FALSE,FALSE,FALSE
C03882,6.499290846191108e-4,-0.24297920195098474,0.003917554618290455,0.9968789593876817,0.9999999999999863,FALSE,FALSE,FALSE
C04100,-0.2010130591438224,-0.031180075768383844,-1.0300915547787803,0.3044667681768239,0.3470921157215792,FALSE,FALSE,FALSE
C04148,-3.525146943949637,0.2465650913385472,-17.555258297039156,1.149073307740218e-39,6.549717854119242e-38,TRUE,TRUE,TRUE
C04230,-1.0414427761277831,-0.04570079661699892,-4.241423129353478,3.682509825818091e-5,7.313695472879134e-5,FALSE,TRUE,FALSE
C04295,-0.22561715960668183,-0.41886025417281963,-1.120669637910649,0.264048491026032,0.3071584487445678,FALSE,FALSE,FALSE
C04545,-2.457810947818367,-0.8216167342285661,-15.478838239561345,5.1291423788873e-34,1.4827721542494444e-32,TRUE,TRUE,TRUE
C04805,-2.034063423411286,-0.8440273581356361,-9.25299437997744,1.0718550473404292e-16,7.450699719317618e-16,TRUE,TRUE,TRUE
C05145,1.5999438875212477,0.024513043022271194,5.409159147715572,2.1799346929990426e-7,5.779361744230019e-7,FALSE,TRUE,FALSE
C05208,-0.10494327280766119,-0.010505087038552583,-0.4942907322615122,0.6217548731524931,0.6661659355205283,FALSE,FALSE,FALSE
C05282,1.884058129525352,-0.3099681386540342,8.761410617547753,2.1710639916752466e-15,1.2757798713967945e-14,TRUE,TRUE,TRUE
C05283,1.059747766953031,-1.0882125403424934,4.044494052398917,8.017683084776419e-5,1.528454634890488e-4,FALSE,TRUE,FALSE
C05345,2.7989271496270627,0.24433377657872107,15.999222525901722,1.896337341906591e-35,7.720802034905406e-34,TRUE,TRUE,TRUE
C05382,0.9856590827047029,-0.1758874652717583,5.684321074409429,5.7860682977415196e-8,1.726732423933333e-7,FALSE,TRUE,FALSE
C05411,-0.07495873251754291,0.02520198418687428,-0.48124993587308756,0.6309731417978155,0.6738321114233373,FALSE,FALSE,FALSE
C05484,-0.5231208968191349,-1.179476663421133,-2.7226058174573597,0.007169621484291001,0.01086884107990923,FALSE,FALSE,FALSE
C05512,0.4814781129949725,-0.12339085427924128,2.693296292525713,0.007801810140537817,0.011736945365142169,FALSE,FALSE,FALSE
C05519,-0.8372701359737811,-1.5258983457294384,-3.270871663591614,0.0013041280440945803,0.002173546740157634,FALSE,TRUE,FALSE
C05551,0.004599345113937892,-1.3676204280407849,0.10459708098774827,0.9168219059797166,0.9298727516164385,FALSE,FALSE,FALSE
C05565,NA,NA,NA,NA,NA,TRUE,FALSE,FALSE
C05570,2.0031578582238674,0.12079299054354042,12.232232347702366,6.208040338121622e-25,8.846457481823312e-24,TRUE,TRUE,TRUE
C05576,-1.2980281216684282,-1.4644471849496323,-9.119015247938988,2.4460186008208983e-16,1.640271297021073e-15,TRUE,TRUE,TRUE
C05584,-3.2791079710057547,-1.6424862872082366,-17.694510756920383,4.87695607219592e-40,3.088738845724083e-38,TRUE,TRUE,TRUE
C05793,-0.8127977736746286,-1.4567104265494493,-4.830756201735564,3.0753720344832173e-6,7.125862031119649e-6,FALSE,TRUE,FALSE
C05822,-0.751543178942158,-1.0642310779064423,-4.816359883538852,3.276349728464183e-6,7.53031994042171e-6,FALSE,TRUE,FALSE
C05828,-1.1798225486358662,-0.33596936598056665,-8.026493622657167,1.7461554443998283e-13,9.131271589980753e-13,FALSE,TRUE,FALSE
C05842,-0.7232838364656415,-0.039253847455286726,-5.637541614782412,7.270815435239618e-8,2.093113534387163e-7,FALSE,TRUE,FALSE
C05953,-0.1503550556599491,-1.251836988079712,-1.5085585358458722,0.13331408185509785,0.16306658080988365,FALSE,FALSE,FALSE
C05961,-0.32082018533235024,-1.164756761867497,-1.9090422747270563,0.0579832736222397,0.07650570825156627,FALSE,FALSE,FALSE
C05984,-0.10096416917004246,-0.054906866990347664,-0.7022737144166606,0.48349283592890313,0.5320287962924224,FALSE,FALSE,FALSE
C06104,-1.1688516823824988,-0.6538552594095041,-5.99862208610922,1.2104473092257678e-8,3.9881789957149575e-8,FALSE,TRUE,FALSE
C06153,-2.0549007471093166,-0.17391057799667756,-9.46387244747836,2.9043437898327694e-17,2.2371296759522685e-16,TRUE,TRUE,TRUE
C06174,0.010465994747525353,-0.4935225229640768,0.629950474441425,0.5295938322267868,0.5760848938344818,FALSE,FALSE,FALSE
C06218,1.1446307327224223,-1.9867926400650786,7.5589791322433095,2.62052376544158e-12,1.234461608513802e-11,TRUE,TRUE,TRUE
C06423,-0.4828522809453104,-0.20023914296892625,-4.9733404937116505,1.631562647627374e-6,3.874961288115013e-6,FALSE,TRUE,FALSE
C06424,-0.18821296364778928,-0.06211355447572563,-2.9706220600179267,0.0034135561267401963,0.005389825463273995,FALSE,TRUE,FALSE
C06425,0.981136326978193,-0.3336306815944748,5.544796785571958,1.1395582101029844e-7,3.184059704699515e-7,FALSE,TRUE,FALSE
C06427,0.5523957857221207,0.007558651819254274,4.081393812619644,6.9441258799855e-5,1.3372134295918024e-4,FALSE,TRUE,FALSE
C06428,-0.8713350011079644,-0.04264597187220011,-5.033727394268985,1.2427620038728134e-6,3.014358903010654e-6,FALSE,TRUE,FALSE
C06429,-0.8607445812850111,-0.1846180325010944,-5.56608386394009,1.0283104915724667e-7,2.8873742866813103e-7,FALSE,TRUE,FALSE
C06804,-0.17813087260610372,-2.3109035376416958,-1.625700995706269,0.10591180037729162,0.13238975047161453,FALSE,FALSE,FALSE
C07151,-0.0555508230600088,-0.9963713941057369,-1.7764441280788696,0.07749291069988688,0.09926058224479893,FALSE,FALSE,FALSE
C07187,0.005167796247300405,-0.42634319040228547,0.3709061198187045,0.711180744534937,0.7424414366024068,FALSE,FALSE,FALSE
C07202,-0.03527598076512439,-1.9764393409438765,-0.22270166975014766,0.824041706400792,0.8540068593608208,FALSE,FALSE,FALSE
C07326,-0.16338816818324575,-0.23427305229941872,-1.1177210993977287,0.2653024469248774,0.30798858400647683,FALSE,FALSE,FALSE
C07480,-0.2631945817200838,-0.7246372370101203,-1.6934631964839273,0.09224449585825636,0.11731982702286951,FALSE,FALSE,FALSE
C07572,0.0180443172641227,-0.9082512786426756,0.6685998526985413,0.5046801910328844,0.5539626285369261,FALSE,FALSE,FALSE
C07588,-0.29406991573519603,-1.185586778088727,-2.568552858632535,0.011093844738081924,0.016424653248588824,FALSE,FALSE,FALSE
C08261,0.20370760310902505,-0.03558479268349407,2.2442533205121786,0.02613873957476088,0.03678785569781161,FALSE,FALSE,FALSE
C08283,0.6355964004854127,-0.38915008365666437,3.571747186502805,4.6431363065868174e-4,8.168480539365697e-4,FALSE,TRUE,FALSE
C08316,1.8273256732313727,-1.1670299511093776,8.975282343106256,5.902809747418129e-16,3.823410859123106e-15,TRUE,TRUE,TRUE
C08322,-0.5259818591337792,-0.03848416479335068,-6.740669594105307,2.4887130686353366e-10,9.716208555631108e-10,FALSE,TRUE,FALSE
C08323,1.6841691002671615,-1.5275380075946414,7.866951116616171,4.4352953782748175e-13,2.2372728899262353e-12,TRUE,TRUE,TRUE
C08362,0.40643609817222887,-7.076471568450874e-4,4.154432564378442,5.209974292029134e-5,1.0170155296084269e-4,FALSE,TRUE,FALSE
C08367,0.5758146188845514,-0.04960258993881629,4.4575784795778395,1.5209169999577008e-5,3.1296848013570016e-5,FALSE,TRUE,FALSE
C09213,1.6387684064249806,-0.7157886946744721,5.84242025380025,2.6508857804117295e-8,8.348093341628099e-8,FALSE,TRUE,FALSE
C10172,0.377715245056068,-0.0609786022270012,1.4063446429319972,0.16149253447946524,0.19543682516623181,FALSE,FALSE,FALSE
C11301,-0.5484024791963861,-0.9508079893123258,-4.055818732839425,7.672416675971673e-5,1.467542787014716e-4,FALSE,TRUE,FALSE
C11332,1.288216462291779,0.21560777311947874,4.673084851909969,6.1083516073120115e-6,1.339138621603018e-5,FALSE,TRUE,FALSE
C12144,-0.0328633355438549,-0.7679782393827825,-0.193112237605862,0.8471073331719646,0.87000212596039606,FALSE,FALSE,FALSE
C12270,-2.8340708177689664,-1.3630659773878833,-19.756208868096742,1.949205363438278e-45,3.703490190532729e-43,TRUE,TRUE,TRUE
C12600,-0.17004235748863872,-3.5024988694363377,-0.7714917402165383,0.4415132259747746,0.49345595844239515,FALSE,FALSE,FALSE
C12989,-0.029266993647750927,-0.21085880174869917,-0.10713622862285853,0.9148103830268426,0.9294864854283428,FALSE,FALSE,FALSE
C13857,-0.25186959976152523,-1.2652694382960659,-1.963969354748224,0.051205003249362877,0.06851373674210526,FALSE,FALSE,FALSE
C14152,1.3537990838806329,-1.8368890182668527,6.440017177810592,1.2380956010853682e-9,4.383319829929564e-9,FALSE,TRUE,FALSE
C14732,-1.7387456226318032,-0.5936395237227862,-9.914522869485166,1.7367711037020693e-18,1.523014660169507e-17,TRUE,TRUE,TRUE
C16300,0.6917213692709342,0.06451626696037432,4.579797481659563,9.09963602850305e-6,1.935370349345798e-5,FALSE,TRUE,FALSE
C16513,0.09351857426085598,-0.15457241611553435,0.7231737108441885,0.47059172789663095,0.5218624219865363,FALSE,FALSE,FALSE
C16525,1.308846869734592,0.15337645399460287,11.3038365204706,2.490531270182089e-22,2.628894118525538e-21,TRUE,TRUE,TRUE
C16526,2.052713951262221,0.3554214019318792,15.473750799175054,5.297766762513815e-34,1.4827721542494444e-32,TRUE,TRUE,TRUE
C16527,0.2506514923012118,-0.07573401010008392,2.419701520096715,0.016613813246357932,0.02397436341879499,FALSE,FALSE,FALSE
C16533,1.4447176016339554,-0.17938122125385136,7.27533764159786,1.3073055044891477e-11,5.914001091736621e-11,TRUE,TRUE,TRUE
C16534,1.307693187620686,0.19227777898429294,9.628072357070796,1.0447961116167593e-17,8.757849759140483e-17,TRUE,TRUE,TRUE
C16537,0.3499331824978502,-0.028437109601852355,3.6291156917421232,3.7842740996936794e-4,6.719739055530832e-4,FALSE,TRUE,FALSE
C16884,-1.1395165374463665,-0.28074698035653844,-5.465803781150626,1.664708413348223e-7,4.4758669604173917e-7,FALSE,TRUE,FALSE
C17337,1.6447125079412293,0.03341864282347609,8.88506331989261,1.023784460836745e-15,6.412715853592798e-15,TRUE,TRUE,TRUE
C18218,-0.30124217275414705,-0.17325611604361818,-2.4081622927630058,0.017129472870307326,0.02465605943453327,FALSE,FALSE,FALSE
C20522,-0.4516755931174395,-0.2276930890453206,-2.6443520991914147,0.008970595782701395,0.013455893674052092,FALSE,FALSE,FALSE
D00235,-0.04732791089776267,-1.7878608172728414,-0.6405425003000359,0.5227039010456284,0.5707686275785597,FALSE,FALSE,FALSE
D00332,4.6629367034256575e-15,-1.128566355877268,3.6005371971820627e-13,0.9999999999997131,0.9999999999999863,FALSE,FALSE,FALSE
D00358,0.11594545623643188,0.012872165353776593,0.48082530131152085,0.6312742938597582,0.6738321114233373,FALSE,FALSE,FALSE
D00422,-0.06407626806302558,-2.207834617868303,-1.3587679395792078,0.17606503522656725,0.21217139551615927,FALSE,FALSE,FALSE
D00567,-2.220446049250313e-16,-0.28659803224065666,-1.7145415224676487e-14,0.9999999999999863,0.9999999999999863,FALSE,FALSE,FALSE
D00887,NA,NA,NA,NA,NA,TRUE,FALSE,FALSE
D01947,-0.5783029320875928,-0.08830680622666368,-4.691393624932355,5.6450422017291525e-6,1.2569039277287566e-5,FALSE,TRUE,FALSE
D02362,0.0027217075806298813,-0.11600705159076208,0.2057157693003932,0.8372652081703948,0.8630039216222877,FALSE,FALSE,FALSE
G00265,0.856426057696283,0.10713667945845393,3.2268247128931455,0.0015083432094062067,0.0024992896202370284,FALSE,TRUE,FALSE
NA_1,-1.126722380348327,-0.05818477013183771,-11.061647024455201,1.1806194775714628e-21,1.2235510949376978e-20,TRUE,TRUE,TRUE
NA_10,-1.2425613167838758,-0.002859638207381421,-6.165361954079756,5.172169727889399e-9,1.7341980852335044e-8,FALSE,TRUE,FALSE
NA_100,-0.5538705263273899,-0.23596538540788614,-5.807366646275176,3.1553198371846843e-8,9.882045643930056e-8,FALSE,TRUE,FALSE
NA_101,-0.2508646989862805,-0.8062791237411806,-1.5155204601221428,0.13154406324184842,0.16159507768933964,FALSE,FALSE,FALSE
NA_102,-1.046392119436729,-0.2222091045355496,-5.682607242664638,5.834811909887643e-8,1.732209785747894e-7,FALSE,TRUE,FALSE
NA_103,-1.0944206177629079,-1.2936584735590713,-6.486543792143779,9.684248837605337e-10,3.471711847443423e-9,FALSE,TRUE,FALSE
NA_104,-0.10583850520582172,-0.8386234443201339,-2.118786868702402,0.03559762733891177,0.04889312670645713,FALSE,FALSE,FALSE
NA_105,-0.15226550598198524,-0.015430258421056517,-0.9135129527501464,0.3622987919196282,0.4089313096914615,FALSE,FALSE,FALSE
NA_106,0.29536958824187387,-1.0558907139286309,1.060276314329469,0.29056040701595487,0.33323829376075303,FALSE,FALSE,FALSE
NA_107,0.6156447557620652,0.10136819637849694,3.3236041916737835,0.0010935593572545014,0.001844168146849307,FALSE,TRUE,FALSE
NA_108,0.855423482119851,-0.6142593188370075,5.5777575697383766,9.718818776012178e-8,2.7560829364810654e-7,FALSE,TRUE,FALSE
NA_109,0.9510440612273039,0.14294080270844664,7.586851776973157,2.23425991469219e-12,1.0612734594787902e-11,TRUE,TRUE,TRUE
NA_11,-4.011471833593232,0.33224130216607944,-18.413835548206468,6.030473423041796e-42,5.728949751889706e-40,TRUE,TRUE,TRUE
NA_110,-1.5231350951633837,0.016891522713674133,-8.119136319585289,1.0126604838407856e-13,5.34459699804859e-13,FALSE,TRUE,FALSE
NA_111,0.40433176879317245,-0.4330364797258275,1.793870089844345,0.0746554907687984,0.09584150841940335,FALSE,FALSE,FALSE
NA_112,0.5389863137543923,0.06066031898335778,3.978554820101272,1.034155680531479e-4,1.939041900996523e-4,FALSE,TRUE,FALSE
NA_113,-1.1674593199543772,0.08154130606654018,-7.657849813129897,1.4866465064890612e-12,7.120911837804747e-12,FALSE,TRUE,FALSE
NA_114,1.367821086431463,-1.1820839407127641,4.600202915007628,8.34388226335961e-6,1.7879747707199164e-5,FALSE,TRUE,FALSE
NA_115,0.7691090612020135,-3.1674362530102957,1.582268123287811,0.11549332128859141,0.14311128942281978,FALSE,FALSE,FALSE
NA_116,1.5980929635222474,0.3028279817006325,7.780670961036025,7.318382635577625e-13,3.596101812309695e-12,TRUE,TRUE,TRUE
NA_117,0.7538016236200624,-1.517886721759496,3.094538757813056,0.002314114503989295,0.0037372327335616117,FALSE,TRUE,FALSE
NA_118,0.9385188697544462,-0.6506944524480168,3.995295404291129,9.697237577319256e-5,1.8242328115749095e-4,FALSE,TRUE,FALSE
NA_119,0.6151668225489147,-1.1222299654713164,3.010015657782472,0.0030206272055956795,0.004782659742193159,FALSE,TRUE,FALSE
NA_12,-1.5281840034623775,-0.0933337409090216,-11.787908541856265,1.0986004153113177e-23,1.3915605260610024e-22,TRUE,TRUE,TRUE
NA_120,0.7291553248456046,-2.1087703433181706,3.0363537822844715,0.002781615991453564,0.0044412356166065314,FALSE,TRUE,FALSE
NA_121,0.4856372723030693,-0.13152520845029983,6.195963770285238,4.418336750666217e-9,1.508055058610625e-8,FALSE,TRUE,FALSE
NA_122,0.7055465414323181,-0.903110307380711,4.653061318982818,6.6570687554653536e-6,1.4373216631118378e-5,FALSE,TRUE,FALSE
NA_123,1.2385659669377973,-0.0585848129674646,8.8237701560419,1.4867080975988884e-15,9.015144847142196e-15,TRUE,TRUE,TRUE
NA_124,-0.9879219386757943,0.07747109870208695,-5.666788942355879,6.304077925180967e-8,1.8383900924574106e-7,FALSE,TRUE,FALSE
NA_125,0.8368950966028208,0.005336690395135341,3.021367849243946,0.0029153809183758133,0.00464180760746987,FALSE,TRUE,FALSE
NA_126,-0.026252005178867,-0.2024532454282435,-0.1237677177169546,0.9016490486532529,0.9193916954067158,FALSE,FALSE,FALSE
NA_127,0.4592072752734441,-0.7226984065229413,1.4928409454939826,0.1373785295233614,0.16767829085292507,FALSE,FALSE,FALSE
NA_128,-0.2565826833087355,0.02595022856175941,-1.3493615042927791,0.17905986107433006,0.2137165308836923,FALSE,FALSE,FALSE
NA_129,-0.16745080201423868,-0.6653567174412369,-0.710698443014719,0.4782692594404965,0.5283206935679903,FALSE,FALSE,FALSE
NA_13,-1.0775635562085644,-0.18523676465487596,-8.260474374214569,4.389144749335551e-14,2.3602004784162867e-13,FALSE,TRUE,FALSE
NA_130,0.6881318614266054,-0.5919617578050941,2.189942346736329,0.0299244819280491,0.041806261517127415,FALSE,FALSE,FALSE
NA_131,1.5792182368410121,-0.7114097177585692,4.318817539699857,2.692775168808008e-5,5.385550337616016e-5,FALSE,TRUE,FALSE
NA_132,0.5821844546167941,-0.815486405585448,1.3024027319405624,0.19458427949982837,0.23058843932412093,FALSE,FALSE,FALSE
NA_133,0.6475394645949833,0.06559774454229203,2.639354811889032,0.009098397275143128,0.01361177545100153,FALSE,FALSE,FALSE
NA_134,1.389968885990074,-1.037983998993319,4.22524192068779,3.929559239023331e-5,7.748172059832079e-5,FALSE,TRUE,FALSE
NA_135,1.6469884629380909,-1.2552509600226538,5.096158515173866,9.357702180514645e-7,2.3190827143014554e-6,FALSE,TRUE,FALSE
NA_136,0.37321567534648936,0.07924197839838465,1.4757334804307654,0.1419112884332863,0.17247214159269336,FALSE,FALSE,FALSE
NA_137,-1.6773589308434984,-0.12784418345840073,-9.546026907217328,1.7424101083575805e-17,1.4393822634258271e-16,TRUE,TRUE,TRUE
NA_138,1.3742498860351748,-1.2018996713535997,7.051182630248598,4.558644883952395e-11,1.939125062576765e-10,TRUE,TRUE,TRUE
NA_139,0.969027344199717,0.1273487093932585,4.026953408531187,8.581869613237453e-5,1.6197568475315725e-4,FALSE,TRUE,FALSE
NA_14,-0.7086006900824802,-0.03281273632316678,-3.5192732073768744,5.586514494942686e-4,9.708272140601619e-4,FALSE,TRUE,FALSE
NA_140,0.5289171348444749,-0.19942791610021302,1.9821015331441993,0.049119761857373434,0.06618975002057413,FALSE,FALSE,FALSE
NA_141,0.7232441362453064,0.004300290762352352,3.043274745896667,0.002721768849388715,0.004357888326268448,FALSE,TRUE,FALSE
NA_142,1.1865058750243958,-0.1720506611604207,4.410738213151378,1.847027907694838e-5,3.77349787593569e-5,FALSE,TRUE,FALSE
NA_143,1.011706543047206,0.09527737484036208,3.529169589216453,5.395834904017967e-4,9.434435261626506e-4,FALSE,TRUE,FALSE
NA_144,2.1057088229110725,-1.6361151532156342,6.226296753313057,3.777920312840131e-9,1.2972376977824548e-8,FALSE,TRUE,FALSE
NA_145,-0.19788839620238607,-1.1743056914928285,-0.6675173178525711,0.5053694155073711,0.5539626285369261,FALSE,FALSE,FALSE
NA_146,1.2528590016225853,-1.693583088190214,3.1322381802891512,0.0020511789137481716,0.0033404913738184507,FALSE,TRUE,FALSE
NA_147,2.3489774045289384,-1.148356672238229,6.193022383054989,4.485833490101145e-9,1.5219792198557456e-8,FALSE,TRUE,FALSE
NA_148,0.36042978127703795,-0.471404052908516,1.804958554287596,0.07289497868821951,0.09400483676987584,FALSE,FALSE,FALSE
NA_149,0.8192071302475785,-2.5871514743933077,2.604629182464846,0.010032712163138486,0.014931190425558584,FALSE,FALSE,FALSE
NA_15,-2.2783240850264406,-2.0676853340661707,-10.981739544064332,1.9709043774355492e-21,2.006099098461184e-20,TRUE,TRUE,TRUE
NA_150,1.318503578396791,-0.19038999251497205,4.877411470223324,2.5027436489974615e-6,5.822709713994094e-6,FALSE,TRUE,FALSE
NA_151,0.4139226171054965,-0.42103359245812383,1.7182900483548185,0.08760971758406537,0.11171708953672764,FALSE,FALSE,FALSE
NA_152,0.6091907985874412,-0.6066725064962291,2.5302654060780334,0.012329046277737071,0.018019375329000335,FALSE,FALSE,FALSE
NA_153,2.018027541431334,-0.2553876672517934,6.6715022379381,3.6124002518482394e-10,1.3912622591577677e-9,FALSE,TRUE,FALSE
NA_154,-1.5078253998777282,-0.3092770156737665,-11.352584233318513,1.8199185851739917e-22,2.0747071870983506e-21,TRUE,TRUE,TRUE
NA_155,0.1479581959192301,-0.017772087207942513,2.140546253036588,0.033771793682293993,0.046723112618707714,FALSE,FALSE,FALSE
NA_156,2.3340338970005696,-2.5305699934260852,6.01438670131143,1.117605342619189e-8,3.70369212379615e-8,FALSE,TRUE,FALSE
NA_157,0.6930563201105078,-1.1164025944209717,3.1306173711450738,0.0020618891770401806,0.0033483670396379003,FALSE,TRUE,FALSE
NA_158,0.3375917514850755,-1.6042153359790785,1.3516994711738086,0.17831195170856295,0.2135248161215985,FALSE,FALSE,FALSE
NA_159,0.7790605923577554,-0.8821255303087808,3.212813720190356,0.0015792939023237878,0.0026092681864479973,FALSE,TRUE,FALSE
NA_16,-0.23147186818482018,-0.21380003890496693,-1.5600828725397085,0.12064628031682129,0.1488493068843899,FALSE,FALSE,FALSE
NA_160,1.3556740081784524,-0.8656316857961354,4.6679211872053505,6.245522780420219e-6,1.3608818694471402e-5,FALSE,TRUE,FALSE
NA_161,1.3474778917728316,-1.4238627108138553,3.934242116552607,1.224969218067544e-4,2.2743728153045605e-4,FALSE,TRUE,FALSE
NA_162,0.4616052227658971,-2.0630866770964693,1.1300963155587056,0.2600672053607053,0.3031458221995951,FALSE,FALSE,FALSE
NA_163,-1.809168049828287,-0.5960852688240668,-10.007495454415407,9.67446077755437e-19,8.753083560644429e-18,TRUE,TRUE,TRUE
NA_164,-0.5551729221018922,-0.28119754378505196,-3.4895394611717405,6.1982103355819e-4,0.0010705999670550554,FALSE,TRUE,FALSE
NA_165,-0.7379470083962483,-3.796582388927523,-2.5623161187286723,0.011287165239135559,0.01662450694136245,FALSE,FALSE,FALSE
NA_166,1.138803421981199,-0.27484712858278443,4.657014467915552,6.545099337414777e-6,1.4185196282609973e-5,FALSE,TRUE,FALSE
NA_167,0.8672726257805986,-0.20451172285988178,3.7942801816085163,2.0721929287816405e-4,3.785737081427997e-4,FALSE,TRUE,FALSE
NA_168,0.17290610556681071,-0.0383232888483472,1.3925721521889618,0.16561316930573136,0.19999895445819252,FALSE,FALSE,FALSE
NA_169,0.3622762882655852,-0.5133664581168981,2.713873419928295,0.007352941500988348,0.01111717945772774,FALSE,FALSE,FALSE
NA_17,-1.4319922721169078,-0.15954414929156416,-6.869551878967203,1.2362379231336267e-10,4.962363494268784e-10,FALSE,TRUE,FALSE
NA_170,-0.7104906684817814,-0.1688234504373843,-5.319180080217822,3.3330945376519785e-7,8.596669169509629e-7,FALSE,TRUE,FALSE
NA_171,0.11745744932780433,-0.9135460128981024,0.9568790168116762,0.3400209347106017,0.3853119936084353,FALSE,FALSE,FALSE
NA_172,-0.03260405327910576,-0.6204655695153618,-0.19011972265592947,0.8494477948885697,0.8708367681411596,FALSE,FALSE,FALSE
NA_173,-1.9280616977350244,-0.5437110197234547,-11.32003013176051,2.2440961752878507e-22,2.4598746536809134e-21,TRUE,TRUE,TRUE
NA_174,-2.3631743853452,-0.9094254349366668,-18.942501615348398,2.48085473612605e-43,2.8281743991836973e-41,TRUE,TRUE,TRUE
NA_175,-1.2327333387786945,-0.3776365515804804,-9.9518382024067,1.3734642799992063e-18,1.2232416243742931e-17,TRUE,TRUE,TRUE
NA_176,0.3482589601354864,-0.7953417090387936,1.9494773851044849,0.05292494023322345,0.0706492176415395,FALSE,FALSE,FALSE
NA_177,NA,NA,NA,NA,NA,TRUE,FALSE,FALSE
NA_178,1.1892893573261676,-0.44539907652193744,5.576552472547264,9.775641591227941e-8,2.758473122277191e-7,FALSE,TRUE,FALSE
NA_179,1.8517339904458519,-0.21086645354620812,5.802432510294593,3.2334779085294256e-8,1.007148856755067e-7,FALSE,TRUE,FALSE
NA_18,-4.832623936866532,0.5649108609761321,-19.377908022708557,1.8368224112133986e-44,2.617471935979093e-42,TRUE,TRUE,TRUE
NA_180,0.5741979004573295,-1.1862638120426325,5.163298631893343,6.879118377764593e-7,1.73499888288753e-6,FALSE,TRUE,FALSE
NA_181,-0.24189507565751978,-2.4494709936673953,-2.1230314990762005,0.03523493156784041,0.04851186230354839,FALSE,FALSE,FALSE
NA_182,-0.01410017778593875,-0.14674943035030621,-0.1078627557842867,0.9142349259995506,0.9294864854283428,FALSE,FALSE,FALSE
NA_183,1.1960610057454548,-0.15705696037409653,4.425998227399105,1.7340295981369944e-5,3.555384427834845e-5,FALSE,TRUE,FALSE
NA_184,2.7830571331473664,0.45132147537137896,11.97761365630167,3.2238643182488e-24,4.176369685004127e-23,TRUE,TRUE,TRUE
NA_185,0.14700968734976216,-2.726089339507253,0.460031329978692,0.6460961990968606,0.6883641747387111,FALSE,FALSE,FALSE
NA_186,2.1889129319630927,-0.5792059785549541,6.785104576691941,1.956814680477298e-10,7.745724776889305e-10,FALSE,TRUE,FALSE
NA_187,1.7364051017342879,0.12348219482305596,5.476051303457468,1.5851473205216158e-7,4.3231290559680426e-7,FALSE,TRUE,FALSE
NA_188,1.6192973409970395,-0.3925220906984529,6.6807305878648275,3.4376146553111227e-10,1.33295262144717e-9,FALSE,TRUE,FALSE
NA_189,1.953420003052173,-0.34079620521521503,5.424604419803273,2.0257686580009222e-7,5.395738948880961e-7,FALSE,TRUE,FALSE
NA_19,-2.034966924619446,0.0067454165354398,-16.028231799205575,1.5789657735576675e-35,7.500087424398921e-34,TRUE,TRUE,TRUE
NA_190,1.2740159567366056,-1.6691699579029398,4.102448337231794,6.394569839274903e-5,1.239763540267583e-4,FALSE,TRUE,FALSE
NA_191,1.5710408872538393,-1.6770106778382752,4.687402516124407,5.743051323936404e-6,1.273750682740759e-5,FALSE,TRUE,FALSE
NA_192,1.1313566991075783,-0.7251832160961557,6.629156585155192,4.533397299401423e-10,1.7000239872755337e-9,FALSE,TRUE,FALSE
NA_193,2.6631237489143524,-0.26903725353563046,9.509583907388828,2.1859843282115408e-17,1.7549451649022231e-16,TRUE,TRUE,TRUE
NA_194,0.3345668049941348,-1.445695066788044,1.6689705072518803,0.09700966959651139,0.12260645603106761,FALSE,FALSE,FALSE
NA_195,1.2669130204639636,-1.41931372999717,5.6677117243912845,6.275717389786214e-8,1.8383900924574106e-7,FALSE,TRUE,FALSE
NA_196,1.0616143088912156,-0.4156100709745417,3.747305067014116,2.464290066806518e-4,4.445080183796567e-4,FALSE,TRUE,FALSE
NA_197,-0.9052891425686952,-1.0813154722970495,-5.341821714101248,2.99663421228727e-7,7.871343322597898e-7,FALSE,TRUE,FALSE
NA_198,-0.3392658178891481,-0.9411329075056425,-4.505620224447628,1.2442910601021884e-5,2.607521706831792e-5,FALSE,TRUE,FALSE
NA_199,-1.1826991033834828,-0.02912911346928734,-10.563408852690648,2.85582942351211e-20,2.8558294235121097e-19,TRUE,TRUE,TRUE
NA_2,-0.8402878699751689,-0.1550613776826401,-8.39801348938259,1.9351752153977594e-14,1.0709222065793426e-13,FALSE,TRUE,FALSE
NA_20,-2.6948934047854918,0.09556941471599946,-15.007842362484903,1.0332004896965557e-32,2.2650933812578338e-31,TRUE,TRUE,TRUE
NA_200,-1.1768739041265752,-0.43141973804941375,-7.202032338682011,1.9710308384712083e-11,8.84635888132747e-11,FALSE,TRUE,FALSE
NA_201,0.5882211168443002,-0.10478973631965637,2.7822732709365705,0.006023864746998034,0.009205369720613617,FALSE,TRUE,FALSE
NA_202,1.4637141642452627,0.4176848970609534,8.281816819887663,3.8666893901270004e-14,2.0990599546403717e-13,TRUE,TRUE,TRUE
NA_203,-0.027580435523162583,-0.9691079154000332,-0.1525852455524446,0.8789108170969571,0.8994239959520027,FALSE,FALSE,FALSE
NA_204,-0.02584142098016118,-1.5101855093318097,-0.5122195093809039,0.6091787586180524,0.6539207013414122,FALSE,FALSE,FALSE
NA_205,0.4576748764112002,-0.011392510906411316,3.7725463905275265,2.245623442713661e-4,4.076450198556646e-4,FALSE,TRUE,FALSE
NA_206,-0.22844135735199228,-0.19184839875395795,-1.6010877801032535,0.1112603517210463,0.13816644984966533,FALSE,FALSE,FALSE
NA_207,0.16191040755116193,0.13571973992376538,0.8573337840456563,0.3924974907865447,0.4412693683399023,FALSE,FALSE,FALSE
NA_208,1.8338097390616026,0.5673041866128407,7.1497466658910245,2.6383938380201376e-11,1.1568342212857528e-10,TRUE,TRUE,TRUE
NA_209,1.1600240967400088,0.3156862411416693,5.612286851236033,8.221009947861384e-8,2.3547616433572812e-7,FALSE,TRUE,FALSE
NA_21,-1.2069103390200813,-0.7594263418878344,-5.8990670667981,1.9978053103035466e-8,6.433610321316506e-8,FALSE,TRUE,FALSE
NA_210,0.4979041841800721,-0.050853103821140715,2.3230397864784194,0.021391128733351823,0.030482358445026347,FALSE,FALSE,FALSE
NA_211,0.4922788480940016,-0.02034379999070921,1.6925688685732825,0.09241509181275159,0.11731982702286951,FALSE,FALSE,FALSE
NA_212,0.004978304241936488,-0.21618635459651547,0.34688197754184447,0.7291196896085543,0.7597773730838683,FALSE,FALSE,FALSE
NA_213,-0.23201775041624395,-0.09151548032632663,-1.2003779349240624,0.2317041795941279,0.27231212859516063,FALSE,FALSE,FALSE
NA_214,-0.04781993328323009,-0.5334808991285632,-0.2130172479357956,0.8315750971169407,0.8602501004658007,FALSE,FALSE,FALSE
NA_215,1.3166666196978456,-0.032940188379299205,4.667558011466346,6.255281575353522e-6,1.3608818694471402e-5,FALSE,TRUE,FALSE
NA_216,0.73255099081014,-0.5741460147174849,2.8193356397719267,0.00539871511695947,0.00829452187780835,FALSE,TRUE,FALSE
NA_217,2.6413541168860357,-0.8040338147004681,7.099483723733568,3.4886421290731435e-11,1.5064591011906758e-10,TRUE,TRUE,TRUE
NA_218,0.4529557310430803,-1.9780510860386016,2.1165630400303823,0.03578892907180702,0.04903771531473559,FALSE,FALSE,FALSE
NA_219,-0.05081396903530065,-0.13171413920260716,-0.2462418600385512,0.8057994802274056,0.8366224111650659,FALSE,FALSE,FALSE
NA_22,-3.1676137238826785,-0.286672843518554,-12.014211999977864,2.544433577754608e-24,3.453159855524111e-23,TRUE,TRUE,TRUE
NA_220,1.3080454924057796,-0.9712525533492867,3.413398223174415,8.063451522999435e-4,0.0013760980144040952,FALSE,TRUE,FALSE
NA_221,0.5087927779869136,0.05810654319039891,2.963283545387376,0.0034917483325625346,0.005498056766742113,FALSE,TRUE,FALSE
NA_222,1.4143999496821584,-2.024252088760794,4.034244128329894,8.342916650986834e-5,1.5851541636874983e-4,FALSE,TRUE,FALSE
NA_223,1.2140426306358791,0.0836235728678604,6.610580470816074,5.007058194672803e-10,1.8653746215447698e-9,FALSE,TRUE,FALSE
NA_224,0.8726959151388503,0.140438359658582,5.067884257992749,1.0643852253917625e-6,2.5927332413389084e-6,FALSE,TRUE,FALSE
NA_225,0.7396899104397963,0.07271434686169144,4.357905814682103,2.295494888074575e-5,4.6398300929166946e-5,FALSE,TRUE,FALSE
NA_226,0.6456849993030966,0.280452571810138,3.302476021182467,0.001173799978141877,0.001967841139826088,FALSE,TRUE,FALSE
NA_227,2.008511711242675,-0.17230619361126498,5.120090566236408,8.388175402263393e-7,2.097043850565848e-6,FALSE,TRUE,FALSE
NA_228,0.29919421737127316,-1.5258230778128907,1.838789918380377,0.06773431030506127,0.08834910039790601,FALSE,FALSE,FALSE
NA_229,1.199093674966249,-0.6833885686176547,5.722963610008601,4.7869162538971924e-8,1.4436731559372485e-7,FALSE,TRUE,FALSE
NA_23,-1.6502427916305478,-0.17970992869351146,-11.330788803008037,2.09398690906259e-22,2.340338310128777e-21,TRUE,TRUE,TRUE
NA_230,0.7222161120296184,-1.7034518825679512,2.9510638112900756,0.0036256078582033377,0.005693103248418464,FALSE,TRUE,FALSE
NA_231,1.5763213111487189,-0.508112798159576,6.846960921907516,1.398245807577024e-10,5.573427344887438e-10,FALSE,TRUE,FALSE
NA_232,0.4819343134766477,-0.37116891225316156,4.70261470013711,5.378065983147546e-6,1.2021559256447456e-5,FALSE,TRUE,FALSE
NA_233,1.1145541730203439,-0.6629162081919422,4.928700228349654,1.9923948655696395e-6,4.673518820471994e-6,FALSE,TRUE,FALSE
NA_234,-0.6857016435654077,-0.09344758337252086,-3.9669174823690905,1.0813263946021177e-4,2.0142354409255134e-4,FALSE,TRUE,FALSE
NA_235,0.6086532441683251,0.20710837205069638,2.5796119216332203,0.010758332090574658,0.015969399196946756,FALSE,FALSE,FALSE
NA_236,0.6602510689698016,-0.36169710048330495,3.1611750103675935,0.0018684271861956695,0.0030515859488009505,FALSE,TRUE,FALSE
NA_237,0.32766949965271064,5.87908614815847e-4,1.6375687224712643,0.10340745920218565,0.12982874833754585,FALSE,FALSE,FALSE
NA_238,0.7181902992427238,0.210094029870994,4.1159495791028125,6.0642973033601344e-5,1.179743843998388e-4,FALSE,TRUE,FALSE
NA_239,0.5532175270421478,0.04628402373836521,2.562493072660953,0.011281638849301856,0.01662450694136245,FALSE,FALSE,FALSE
NA_24,0.6385463108890532,0.057404151170351816,7.005352575742796,5.870870457136914e-11,2.460585412182383e-10,FALSE,TRUE,FALSE
NA_240,-0.1598696460790638,0.012239207858078638,-0.7190422483071756,0.4731266827227065,0.523654775052316,FALSE,FALSE,FALSE
NA_241,-0.1424073612014991,-0.8586926271733087,-0.66129141779368406,0.509342990589319,0.5572466499729594,FALSE,FALSE,FALSE
NA_242,0.488696089319065,0.06244787947504351,1.8356714761710529,0.06819695210960722,0.08874945822483132,FALSE,FALSE,FALSE
NA_243,1.1901843597916433,0.40913864286982804,3.927193410958482,1.2582514978788916e-4,2.3285823175031435e-4,FALSE,TRUE,FALSE
NA_244,0.11222904666633882,-0.5793821531218261,0.5800494948172442,0.5626683656847105,0.6097356814454087,FALSE,FALSE,FALSE
NA_245,1.7277847419875014,-0.07883258660879279,5.763945376012439,3.9117286626668205e-8,1.1919420372033177e-7,FALSE,TRUE,FALSE
NA_246,1.1534123711416324,0.3062538916733321,4.330955796975804,2.5628326632412377e-5,5.1618891097085e-5,FALSE,TRUE,FALSE
NA_247,0.745222767960826,-0.5125188425619007,3.535036562267329,5.285699014646276e-4,0.00092703028872257755,FALSE,TRUE,FALSE
NA_248,1.339996069337288,-0.26839461635949113,4.40741342208748,1.872570022773348e-5,3.8120175463600295e-5,FALSE,TRUE,FALSE
NA_249,1.1751956041711225,-0.2734417381340098,4.065820398595413,7.37932421167684e-5,1.416233939614747e-4,FALSE,TRUE,FALSE
NA_25,1.0546752042319438,0.08761426866402112,9.483895913709237,2.5645642888537754e-17,2.0024680063652768e-16,TRUE,TRUE,TRUE
NA_250,0.6179989838112516,0.07990526232229986,2.3264951823530935,0.021201478132228013,0.030287825903182877,FALSE,FALSE,FALSE
NA_251,1.0623680208317678,-2.1110902459532492,4.825784922627084,3.1433853572956174e-6,7.253966209143732e-6,FALSE,TRUE,FALSE
NA_26,0.011882887957232913,-0.04666693328908509,0.07716317410602755,0.9385867381503242,0.9485717034497958,FALSE,FALSE,FALSE
NA_27,0.3630247182318126,0.013712975053297192,6.020199299811071,1.0851661747968597e-8,3.617220582656199e-8,FALSE,TRUE,FALSE
NA_28,0.4643290985860687,-0.5591195068637945,2.3718517554604643,0.018845717551332908,0.02699009800065266,FALSE,FALSE,FALSE
NA_29,0.0748127287628726,-1.630970367971098,0.7047239142608666,0.4819704263156519,0.5313793868470437,FALSE,FALSE,FALSE
NA_3,-0.6651217404883356,-0.6509236650725848,-3.7039349286609964,2.887777447119496e-4,5.17620485804438e-4,FALSE,TRUE,FALSE
NA_30,0.5549451329678647,-0.07059356943806211,2.5146372902917467,0.012867596744529981,0.018758389116066726,FALSE,FALSE,FALSE
NA_31,-0.10283063179666302,-0.012705330825144245,-0.9595999509369137,0.3386533161047137,0.3845266736647148,FALSE,FALSE,FALSE
NA_32,-0.08627579881309744,-0.447718537607243,-0.42713164875472004,0.66983738584721,0.7110005771562564,FALSE,FALSE,FALSE
NA_33,0.06857676251895423,-0.43056777543538893,0.39820322880203046,0.6909924713361757,0.726689499375683,FALSE,FALSE,FALSE
NA_34,0.36321515456119724,-1.0689988358936267,1.9706407196121984,0.0504292449978803,0.06763451682068651,FALSE,FALSE,FALSE
NA_35,0.4409784607074173,-1.1592528581267756,3.0944916554529285,0.0023144616753460506,0.0037372327335616117,FALSE,TRUE,FALSE
NA_36,0.4626619603733021,-0.7762290361158182,2.1091743253788193,0.03643089904469907,0.04979763178771815,FALSE,FALSE,FALSE
NA_37,-0.5641597201947481,-0.12600041647257565,-5.160795006226273,6.95883882408731e-7,1.7473736254316153e-6,FALSE,TRUE,FALSE
NA_38,-7.813036331723588e-4,-0.032033448960068434,-0.060275665172161284,0.9520086470794011,0.9604335023632896,FALSE,FALSE,FALSE
NA_39,-1.3793553933844434,-0.6111655049238699,-10.191288319690623,3.031889847772511e-19,2.787382601984405e-18,TRUE,TRUE,TRUE
NA_4,-4.538269303429118,-2.116403143995013,-15.614327264185867,2.168909922151477e-34,7.667588988034673e-33,TRUE,TRUE,TRUE
NA_40,0.7622837069636379,-0.15015682245784595,4.982474106416238,1.5659754270410381e-6,3.7347531105162833e-6,FALSE,TRUE,FALSE
NA_41,0.6869389328922191,-1.5805773272778736,2.793657287822599,0.005825175879761483,0.008925672718989369,FALSE,TRUE,FALSE
NA_42,0.3707005335304139,0.025010854989954173,1.740779495541861,0.08357662487575933,0.10681317528964757,FALSE,FALSE,FALSE
NA_43,-1.3427142891758854,-0.3207819373800129,-7.898057955105355,3.7004765118869497e-13,1.9002446952932986e-12,FALSE,TRUE,FALSE
NA_44,NA,NA,NA,NA,NA,TRUE,FALSE,FALSE
NA_45,-1.4113536399586648,-0.016822280073919987,-10.524362974237391,3.661970912226907e-20,3.5378363050327746e-19,TRUE,TRUE,TRUE
NA_46,0.7589702079431293,-0.5626675437491113,4.745969911208755,4.456600058105109e-6,1.0080404893332985e-5,FALSE,TRUE,FALSE
NA_47,1.0838912886752667,-2.0620068338958806,4.684831057067499,5.8070666623126494e-6,1.2829565881853527e-5,FALSE,TRUE,FALSE
NA_48,-0.08551128037807604,-0.008892520783762348,-0.38050063086906183,0.7040606752498506,0.7377106339934096,FALSE,FALSE,FALSE
NA_49,-3.063371820076908,0.2181517176969221,-15.550888148947191,3.2447867326231294e-34,1.027515798663991e-32,TRUE,TRUE,TRUE
NA_5,0.4639266948492587,-0.33724036770852495,2.2135569917129296,0.02822360288136617,0.039624270055119995,FALSE,FALSE,FALSE
NA_50,-0.2111064018626551,-0.13860731894658104,-1.2720123505864205,0.20514923270643778,0.24249920266588665,FALSE,FALSE,FALSE
NA_51,1.5483788813199273,-0.1318255835448909,8.573548261914484,6.754934212363944e-15,3.889204546512574e-14,TRUE,TRUE,TRUE
NA_52,0.20181914560025166,-0.2820468348692632,1.2496904659982837,0.21317312759346121,0.25105099737246467,FALSE,FALSE,FALSE
NA_53,-0.0857774696562302,-0.11279261222256304,-0.4060460542707722,0.6852321199648471,0.7249136760542088,FALSE,FALSE,FALSE
NA_54,-5.02112452289207,-0.9913763644912214,-15.135422807832137,4.5733771577856694e-33,1.0861770749740964e-31,TRUE,TRUE,TRUE
NA_55,-0.809972322101501,-0.34078610726677466,-3.5738329720699715,4.6089310013792565e-4,8.133407649492805e-4,FALSE,TRUE,FALSE
NA_56,-2.70050640233425,-3.5123419152325033,-9.300396069366203,7.998106429911935e-17,5.628297117345436e-16,TRUE,TRUE,TRUE
NA_57,-0.1744860028467099,-1.6872648786173,-2.6931968117712044,0.007804039111208565,0.011736945365142169,FALSE,FALSE,FALSE
NA_58,-0.28078896904612805,-2.3129811657291204,-2.874478143835871,0.004577474356443144,0.007128853505936043,FALSE,TRUE,FALSE
NA_59,0.004632167583854652,-0.6841468748053315,0.02068652952964577,0.9835205787930369,0.9887243913792435,FALSE,FALSE,FALSE
NA_6,-2.5940847062910555,0.1803051884504027,-14.685224024283654,8.153347172665091e-32,1.6597885315782507e-30,TRUE,TRUE,TRUE
NA_60,-0.2679174811624966,-0.6646096902263732,-1.6454702812178479,0.10176656413152849,0.12805064360920804,FALSE,FALSE,FALSE
NA_61,-2.4294780299610292,-1.239006681676594,-9.320217748102339,7.075572450185634e-17,5.041345370757264e-16,TRUE,TRUE,TRUE
NA_62,-0.2705687067946013,-0.28280112550597636,-1.9408069103368082,0.053977075167537365,0.07188535711564556,FALSE,FALSE,FALSE
NA_63,-0.8887629941180029,-0.746214362995928,-5.022527729137185,1.3073296078459262e-6,3.1575333748821094e-6,FALSE,TRUE,FALSE
NA_64,-3.2692058077567117,-1.3208773776029652,-15.881492202022455,3.990759754313151e-35,1.5164887066389974e-33,TRUE,TRUE,TRUE
NA_65,-0.15834948254893955,-0.7178286035024047,-2.734456420227151,0.006927461510789629,0.010529741496400236,FALSE,FALSE,FALSE
NA_66,0.6500424481829958,-0.20182545594521326,3.6153819183791067,3.9750558160713434e-4,7.036589488076602e-4,FALSE,TRUE,FALSE
NA_67,1.4987830761006014,-0.8908986098264787,4.584900429558781,8.90467498697206e-6,1.9009980309266194e-5,FALSE,TRUE,FALSE
NA_68,0.32624224259646656,0.08426539458654005,2.01253548020471,0.045781475380972894,0.06183753783685913,FALSE,FALSE,FALSE
NA_69,0.44375205252940747,-0.11509554323574246,1.8132170812444974,0.07160616775547779,0.0927625355014144,FALSE,FALSE,FALSE
NA_7,-0.9333846915327515,-0.18635482897051803,-5.085657109360061,9.816718385739527e-7,2.42230713414352e-6,FALSE,TRUE,FALSE
NA_70,1.598045143306055,0.5288450349452493,6.187627394971283,4.612275091344715e-9,1.5556194095067973e-8,FALSE,TRUE,FALSE
NA_71,0.9047646166891182,-0.5370471646841716,2.867257629325466,0.004678091604740229,0.00724595710516829,FALSE,TRUE,FALSE
NA_72,1.767445895019389,-0.2707928002084732,5.4711483037863164,1.6227397793627113e-7,4.4045794011273596e-7,FALSE,TRUE,FALSE
NA_73,0.5943748853067472,-1.3109742464536085,2.2038475594312414,0.028912488029148094,0.04049169085163246,FALSE,FALSE,FALSE
NA_74,0.4430161682279817,-0.6840909490114776,1.6278289672890935,0.10545921598354292,0.13211374310026255,FALSE,FALSE,FALSE
NA_75,1.1005824684018495,-0.21768902886995345,4.027824751197171,8.552971786387266e-5,1.6196657535683527e-4,FALSE,TRUE,FALSE
NA_76,0.2614639853370203,0.0806012576301882,1.1586044133091922,0.24828287435687746,0.2905980254279674,FALSE,FALSE,FALSE
NA_77,0.6904332342935913,-2.1830697079729107,2.3829390819738148,0.018306237274963045,0.026283514475387747,FALSE,FALSE,FALSE
NA_78,0.944597839771262,-0.854192997955378,3.0739857998267106,0.0024702570324097155,0.003977532509812254,FALSE,TRUE,FALSE
NA_79,0.0927991515075477,-0.017823310421173157,0.6387459599451232,0.5238692397833065,0.5709473550219593,FALSE,FALSE,FALSE
NA_8,-1.5876571707680665,-1.996352316029299,-9.423348298519814,3.73514334280184e-17,2.80135750710138e-16,TRUE,TRUE,TRUE
NA_80,2.4800389314939864,-1.428401604942124,5.177903368732294,6.431472514777318e-7,1.636580059563871e-6,FALSE,TRUE,FALSE
NA_81,0.4386420858234379,-2.5293047344305695,2.1727453252300144,0.03121842821163399,0.04340122946495457,FALSE,FALSE,FALSE
NA_82,2.6005191069181093,-1.4441679169782884,6.653838036271405,3.9717228482269376e-10,1.5092546823262363e-9,FALSE,TRUE,FALSE
NA_83,0.9275980870826799,-1.4978604576928731,3.297208772293164,0.0011946417780716156,0.001996908543990677,FALSE,TRUE,FALSE
NA_84,0.3202652833917833,0.02425486986951441,1.9796589826772177,0.04939640083985281,0.06640553886489647,FALSE,FALSE,FALSE
NA_85,-0.41045677992414936,-0.19003886770458836,-2.4373843408373634,0.015850286361554,0.022988964951872214,FALSE,FALSE,FALSE
NA_86,1.4380005976194403,0.4336630465434193,7.38198450936113,7.168224246276529e-12,3.295070822885179e-11,TRUE,TRUE,TRUE
NA_87,0.9810287290547104,0.0031713255853035123,4.494052707805313,1.3060931092563863e-5,2.717015873034528e-5,FALSE,TRUE,FALSE
NA_88,-0.40059809215022724,-0.26217125321461476,-1.912868788595759,0.05748782805022466,0.07602798605250129,FALSE,FALSE,FALSE
NA_89,-0.05964227300687042,-1.0478207778972584,-0.20922474746753408,0.8345295367640597,0.8617424564411486,FALSE,FALSE,FALSE
NA_9,0.6385046329771737,-0.08015477339207001,3.8130215242651264,1.9329088285780502e-4,3.55405816867577e-4,FALSE,TRUE,FALSE
NA_90,-0.2985300086636986,0.08411790180785957,-2.9117170384889137,0.004089261292128529,0.006385969689077429,FALSE,TRUE,FALSE
NA_91,-0.9061263460713763,-0.7859726900174607,-3.645470847326132,3.5683436400710456e-4,6.376037225205316e-4,FALSE,TRUE,FALSE
NA_92,-0.7152464527445122,-0.24232408041720704,-8.500868776775283,1.045450794674059e-14,5.842225029060918e-14,FALSE,TRUE,FALSE
NA_93,0.20090279511510914,-0.07892795400094803,1.8539590868074816,0.06552087020006875,0.08565801838082382,FALSE,FALSE,FALSE
NA_94,-0.27627612737618257,-0.8827153816522928,-4.493185970863937,1.3108409913763073e-5,2.717015873034528e-5,FALSE,TRUE,FALSE
NA_95,0.7572510030584532,-0.06894997029094002,3.211266278031482,0.0015873173562395212,0.00261494477762002,FALSE,TRUE,FALSE
NA_96,0.7905589882291335,-0.6452959673658868,4.100213074567383,6.45088115261026e-5,1.2464414430467282e-4,FALSE,TRUE,FALSE
NA_97,-0.11409010068950146,0.1323550996404035,-0.8435576749680286,0.40013152807548147,0.4489664783524103,FALSE,FALSE,FALSE
NA_98,-1.0431142031626823,-0.7661190945068874,-6.4822150513193275,9.908546578982416e-10,3.529919718762486e-9,FALSE,TRUE,FALSE
NA_99,-0.35995336768006186,-0.14655586416960378,-3.306944949285513,0.0011563833895245673,0.0019443614514129892,FALSE,TRUE,FALSE
