Metabolite,Log2FC,p.adj,t.val,HMDB,KEGG.ID,KEGGCompound,Pathway,786-M1A_1,786-M1A_2,786-M1A_3,HK2_1,HK2_2,HK2_3
2-aminoadipic acid,0.152981575,0.237848335,-756331.8573,HMDB0302754,NA,NA,Not assigned,7515754.961,7794628.795,7241957.187,5801815.747,7322390.03,7159139.595
2-hydroxyglutarate,0.931522626,6.45258554667905e-05,-202115036.9,HMDB0059655,C02630,2-Hydroxyglutarate,Citrate cycle (TCA cycle),424350094.4,432815728.4,417484370.5,188417805,228825446.1,251061831.5
2-ketoglutarate,1.351253503,7.00253626539915e-06,-596239369.8,HMDB0000208,C00026,2-Oxoglutarate,Citrate cycle (TCA cycle),959154967.8,979152170.6,1003428045,326367919.1,366703618.4,459945536.8
2/3-phosphoglycerate,0.699344846,0.000946101,-19337537.43,HMDB0060180,C00197,3-Phospho-D-glycerate,Glycolysis / Gluconeogenesis,56869709.98,48343621.46,45802901.95,30931592.11,32564866.75,29507162.25
4-guanidinobutanoate,-1.154155178,0.000170987,2371361.737,HMDB0003464,C01035,4-Guanidinobutanoate,Arginine and proline metabolism,1919684.721,1885078.616,2000096.131,4418820.279,4133882.632,4366241.768
4-hydroxyphenyllactate,-0.916170233,6.16612213510948e-08,1905690.971,HMDB0000755,C03672,3-(4-Hydroxyphenyl)lactate,Not assigned,2200691.109,2038710.18,2205281.755,3963104.396,3971958.327,4226693.233
5-aminolevulinic acid,-0.177727149,0.491516504,525130.264,HMDB0001149,C00430,5-Aminolevulinate,Not assigned,3774612.516,3938304.363,4303746.118,4028434.891,4373206.793,5190412.105
5-aminovaleric acid*,0.629750657,0.010083571,-22623638.87,NA,NA,NA,Not assigned,69248646.6,66983507.08,55649763.56,39898613.12,43445126.01,40667261.49
5-methylthioadenosine (MTA),-0.502754794,0.076387425,7369026.23,HMDB0001173,C00170,5'-Methylthioadenosine,Cysteine and methionine metabolism,13467706.79,19486387.95,20071093.72,24864886.37,22428867.43,27838513.35
6-phosphogluconate,-0.250771648,0.930351089,197774.2409,HMDB0001316,C00345,6-Phospho-D-gluconate,Pentose phosphate pathway,972022.2739,707684.3146,1445621.317,1061037.696,1255715.294,1401897.638
acetyl-CoA,-0.008968514,0.999931165,16711.52338,HMDB0001206,C00024,Acetyl-CoA,Citrate cycle (TCA cycle),2924310.275,2186800.613,2928606.145,2894328.771,2296943.7,2898579.132
acetylcarnitine,0.065328888,0.995147797,-194906873.3,HMDB0000201,C02571,O-Acetylcarnitine,Fatty acyl carnitines,4022430586,3567130318,5617724322,5947039758,3143517363,3532007486
acetylcholine,-0.45939283,0.005848579,10639302.78,HMDB0000895,C01996,Acetylcholine,Glycerophospholipid metabolism,28297226.09,28306527.94,28519059.86,43890849.74,36981810.98,36168061.53
aconitate,0.903226327,0.010961578,-46075390.99,HMDB0000072,C00417,cis-Aconitate,Citrate cycle (TCA cycle),87829576.53,93936705.65,115296043.9,66710215.18,42899324.16,49226613.75
adenosine,-0.206429865,0.963801863,1683164.989,HMDB0000050,C00212,Adenosine,Purine metabolism,11604889.52,10714045.01,10506368.47,13885363.06,11239887.71,12749547.19
ADP,-0.175607423,0.751148925,5802994.946,HMDB0001341,C00008,ADP,Purine metabolism,49965436.96,35328279.23,49201082.5,56618979.32,45298596.35,49986207.86
ADP-ribose,0.171096596,0.213558637,-209763.1931,HMDB0001178,C00301,ADP-ribose,Purine metabolism,1657369.439,2019794.938,1949899.335,1682394.658,1676294.212,1639085.261
alanine,-1.718677942,1.85934424336009e-05,601764151,HMDB0000161,C00041,L-Alanine,Amino acid metabolism,262139689.1,267364892.6,258369450.2,1000105967,857373599.8,735686918.2
AMP,0.155948417,0.297992745,-1585840.778,HMDB0000045,C00020,AMP,Purine metabolism,16555562.09,14352308.33,15526072.16,13918047.79,13253745.27,14504627.19
arginine,0.389145076,0.120831737,-31336310.8,HMDB0000517,C00062,L-Arginine,Amino acid metabolism,135157876,126922947.4,135557750.8,89109569.06,87373746.53,127146326.2
argininosuccinate,-0.239569127,0.109280255,84953.79725,HMDB0000052,C03406,N-(L-Arginino)succinate,"Alanine, aspartate and glutamate metabolism",454662.3374,444031.6702,512186.148,617283.959,553005.4654,495452.123
asparagine,-1.755313391,3.23967641602252e-09,69701487.09,HMDB0000168,C00152,L-Asparagine,Amino acid metabolism,30095626.63,29573451.26,28337981.36,100771574.1,101548392.2,94791554.21
aspartate,0.520609932,0.000334962,-466200707,HMDB0000191,C00049,L-Aspartate,Amino acid metabolism,1586907437,1591156371,1438959084,964215886.9,1173661258,1080543625
ATP,-0.328118665,0.73820125,44822513.07,HMDB0000538,C00002,ATP,Purine metabolism,199949598.3,119442957.9,207156285.7,280356916.6,172910971.9,207748492.5
beta-alanine,-1.24766475,9.49012645923286e-06,62061788.17,HMDB0000056,C00099,beta-Alanine,Pyrimidine metabolism,46555224.94,46974652.96,41920267.96,117847309.7,108571737.9,95216462.73
beta-citrylglutamic acid,-0.270084766,0.017765048,38555657.61,HMDB0013220,NA,NA,Not assigned,199709003.2,186168366.8,175943671.1,223143700.3,226366148,227978165.8
betaine,-0.960129224,1.75120052434696e-05,3333163634,HMDB0000043,C00719,Betaine,Not assigned,3624687372,3165614079,3785752029,7194708605,6606221432,6774614343
butyrylcarnitine C4,-0.343202774,0.024085846,177963178.7,HMDB0002013,C02862,NA,Fatty acyl carnitines,603212737.5,663736011.7,720950711,855908527.7,919639157.1,746241311.4
cAMP,-0.366046161,0.014884301,96883.09658,HMDB0000058,C00575,Cyclic AMP,Purine metabolism,277505.2482,342739.3559,386103.4624,439278.7244,424593.8691,433124.7626
carnitinamide,0.423390844,0.00025252,-901949.4253,NA,C02290,L-Carnitinamide,Not assigned,3340599.955,3525496.228,3773026.241,2741568.915,2471171.548,2720533.686
carnitine,0.497744753,0.012689164,-4957387471,NA,C00487,Carnitine,Fatty acyl carnitines,17243583705,17526479429,16199180850,14164377441,11991811961,9940892170
carnosine,0.23799561,0.76377695,-1552428.723,HMDB0000033,C00386,Carnosine,Not assigned,11785035.5,8647827.492,10191572.18,7123793.577,7167033.277,11676322.15
CDP,0.035559133,0.999764909,-117577.0874,HMDB0001546,C00112,CDP,Pyrimidine metabolism,5739549.015,3241414.792,5507038.987,6911889.622,3342933.182,3880448.728
CDP-ethanolamine,-2.502508444,0.000217313,6245461.808,HMDB0001564,C00570,CDP-ethanolamine,Glycerophospholipid metabolism,1086177.404,1561509.215,1367225.732,9615337.945,7007144.061,6128815.77
choline,-0.176043993,0.603034308,70553502.45,HMDB0000097,C00114,Choline,Glycerophospholipid metabolism,594830278.1,493153219.3,542913336.5,702639155,565866917.3,574051269
citicoline,-1.845044776,2.2967159618581e-08,14974890.8,HMDB0001413,C00307,CDP-choline,Glycerophospholipid metabolism,5444321.872,5723543.661,6159898.903,19924586.54,20523734.33,21804115.95
citrate,0.588218678,0.002706419,-715371351,HMDB0000094,C00158,Citrate,Citrate cycle (TCA cycle),2010790503,1980188252,2418463675,1598687203,1234621473,1430019701
citrulline,-0.503041308,2.40632617538594e-05,113695879.5,HMDB0000904,C00327,L-Citrulline,Arginine and proline metabolism,275324809.3,278046331.6,264196679.6,384972174.9,381069604,392613680.2
CMP,0.317248848,0.939097,-200746.8065,HMDB0000095,C00055,CMP,Pyrimidine metabolism,1280443.657,690823.8148,1079579.437,1338784.622,529560.8126,580261.0539
CMP-2-aminoethylphosphonate,-0.936924484,0.009145457,1316653.662,HMDB0060067,C05673,CMP-2-aminoethylphosphonate,Not assigned,1242478.807,1739740.979,1337308.343,2890089.045,3027421.652,2351978.417
CMP-acetylneuraminic acid,0.029015568,0.967674622,-134528.3668,HMDB0001176,C00128,CMP-N-acetylneuraminate,Not assigned,6614308.173,6972180.206,6682802.025,6634164.874,6843428.704,6388111.726
creatine,0.563141932,2.83448345389514e-05,-16753312404,HMDB0000064,C00300,Creatine,Arginine and proline metabolism,52612707204,51257739520,51649560335,31507318577,35929464750,37823286520
creatinine,0.199103129,0.264407668,-237001434.5,HMDB0000562,C00791,Creatinine,Arginine and proline metabolism,1955600557,1774650243,1785340689,1499168576,1492781436,1812637173
CTP,-0.063991405,0.999011178,500180.0391,HMDB0000082,C00063,CTP,Pyrimidine metabolism,12994987.87,6780227.332,13309944.87,17275778.75,7801125.01,9508796.434
cyclic ADP-ribose,0.083210659,0.25522569,-1051822.248,HMDB0249529,C13050,Cyclic ADP-ribose,Purine metabolism,17862090.9,18924578.26,19515281.17,18307142.35,17492036.1,17347305.14
cystathionine,-3.751559454,2.12008199540481e-06,6062586.349,HMDB0000099,C02291,L-Cystathionine,Cysteine and methionine metabolism,337234.5447,572911.8656,548504.168,7512091.249,6612123.546,5522194.831
cysteic acid,1.718272103,0.001399381,-271727.4685,HMDB0002757,C00506,L-Cysteate,Cysteine and methionine metabolism,311339.9929,404028.5999,455723.2597,109495.3907,105348.6684,141065.3879
cysteinylglycine,-0.826373053,0.00084271,9505050.613,HMDB0000078,C01419,Cys-Gly,Glutathione metabolism,12995733.51,13020566.89,10862056.68,23351149.88,21940313.78,20102045.25
cytidine,-0.186967187,0.842141706,409402.4828,HMDB0000089,C00475,Cytidine,Pyrimidine metabolism,2999977.355,2393359.775,3483037.648,3392418.881,2830448.362,3881714.985
cytosine,0.140228896,0.668656467,-332910.8662,HMDB0000630,C00380,Cytosine,Pyrimidine metabolism,3682260.137,3318310.492,3781988.593,3030263.337,3003927.099,3749636.187
dATP,-1.011501581,0.372031975,189177.5774,HMDB0001532,C00131,dATP,Purine metabolism,205533.9659,85288.81726,267767.8604,558551.6235,233062.8026,334508.9498
dCTP,-0.23256268,0.984328184,52747.48119,HMDB0000998,C00458,dCTP,Pyrimidine metabolism,420233.9147,89075.77443,395345.7595,620847.1355,183590.29,258460.4667
deoxyadenosine,-0.215236488,0.943280846,71734.70489,HMDB0000101,C00559,Deoxyadenosine,Purine metabolism,445061.7899,371461.0344,521027.7104,480532.1813,387237.5535,684984.9146
deoxycytidine,-0.119221594,0.909263496,401462.3678,HMDB0000014,C00881,Deoxycytidine,Pyrimidine metabolism,4553336.893,4740239.826,4686755.9,5920548.102,4417177.642,4846993.979
deoxyribose 5-phosphate,1.765968047,5.51612047311467e-05,-1601057.022,HMDB0001031,C00673,2-Deoxy-D-ribose 5-phosphate,Pentose phosphate pathway,2244233.598,2513221.274,2046186.178,761603.1527,745670.8854,493195.9455
dihydroorotate,-0.452560317,0.970371375,7249404.735,HMDB0003349,C00337,(S)-Dihydroorotate,Pyrimidine metabolism,17728016.83,20614559.83,20680979.19,19478639.73,47944721.15,13348409.18
dihydroxyacetone phosphate,0.381262942,0.200991927,-10971445.32,HMDB0001473,C00111,Glycerone phosphate,Glycolysis / Gluconeogenesis,38715576.38,53310496.29,49702620.4,35784384.42,37493731.6,35536241.09
dimethylarginine (ADMA+SDMA),0.088095271,0.808249098,-466522.4291,NA,NA,NA,Not assigned,7795771.752,7591008.8,8240183.064,7913502.801,6472579.795,7841313.732
dTTP,-0.343592993,0.565655198,745878.2771,HMDB0001342,C00459,dTTP,Pyrimidine metabolism,3125601.009,2031230.851,3164208.913,4487385.139,3003722.799,3067567.667
FAD,0.421124009,0.749377892,-182586.7694,HMDB0001248,C00016,FAD,Vitamin digestion and absorption,625232.3311,536471.2602,1002010.197,618750.6275,379446.5154,617756.3369
fructose,0.794222703,0.005979162,-4082016.213,HMDB0000660,C02336,beta-D-Fructose,Not assigned,10370792.74,9466659.49,9089341.159,5105695.149,4912476.497,6662573.109
"fructose 1,6-bisphosphate",0.116017425,0.649118769,-1323149.597,HMDB0001058,C00354,"D-Fructose 1,6-bisphosphate",Glycolysis / Gluconeogenesis,18142483.61,15751090.65,17478472.2,14727001.3,16309296.75,16366299.62
fructose 6-Phosphate,0.047633455,0.99219552,-157002.3864,HMDB0000124,C00085,D-Fructose 6-phosphate,Not assigned,4504988.376,4596929.191,5400479.304,4422697.632,4913412.279,4695279.801
fumarate,0.053063816,0.943849051,-4241662.336,HMDB0000134,C00122,Fumarate,Citrate cycle (TCA cycle),117455414.5,123939283.6,110972786.8,106582182,114559051,118501264.9
GDP,0.071032132,0.998282965,-262885.617,HMDB0001201,C00035,GDP,Purine metabolism,6342337.303,3620835.184,6452372.474,7083787.41,4029030.293,4514070.407
GDP-hexose,0.409592971,0.104183848,-308657.7374,NA,NA,NA,Purine metabolism,1367487.765,987289.489,1391610.757,867391.972,900009.8892,1053012.938
gluconate,-2.779471575,5.7542779763331e-08,2406754289,HMDB0000625,C00257,D-Gluconic acid,Pentose phosphate pathway,374261790.4,420595122,436007868.6,2985441446,2931277222,2534408980
glucose,0.568506661,0.519064647,-15133821.3,HMDB0003345,C00267,alpha-D-Glucose,Glycolysis / Gluconeogenesis,55565990.19,38150612.16,45686139.61,18410559.68,22268182.16,53322536.22
glucose 1-phosphate,-0.64528621,0.001172849,757090.3286,HMDB0001586,C00103,D-Glucose 1-phosphate,Glycolysis / Gluconeogenesis,1185105.868,1438821.861,1402794.786,2066096.576,2108934.699,2122962.227
glucose 6-phosphate,-0.084052557,0.995274762,514974.3388,HMDB0001401,C00092,D-Glucose 6-phosphate,Glycolysis / Gluconeogenesis,7968053.521,7076673.944,10707681.42,7478831.978,9361106.455,10457393.46
glucuronic acid,0.335183405,0.110201477,-2012508.192,HMDB0000127,C00191,D-Glucuronate,Not assigned,10041706.3,9410405.651,9670126.134,9162723.898,7820849.141,6101140.476
glutamate,0.424847059,0.00017292,-2571171216,HMDB0000148,C00025,L-Glutamate,Amino acid metabolism,9854317531,10639801927,9745193666,6963813664,7962084413,7599901398
glutamine,-0.167274781,0.855495652,152921386.5,HMDB0000641,C00064,L-Glutamine,Amino acid metabolism,1396287221,1186213863,1149252388,998301998.5,1424528207,1767687426
glutamylcysteine,-0.960697276,0.003043014,460734.4474,HMDB0001049,C00669,gamma-L-Glutamyl-L-cysteine,Glutathione metabolism,604764.3624,433096.9101,422855.1084,925851.7591,983351.3363,933716.6278
glutamylglutamate,0.369219269,0.118410597,-752643.7062,HMDB0028818,C01425,Glutamyl-glutamic acid,Amino acid metabolism,3477770.696,3562135.696,2959848.406,2338642.737,2763773.032,2639407.912
glutamyllysine,-0.060062828,0.991290269,22318.01472,HMDB0004207,NA,NA,Amino acid metabolism,564327.7018,453694.181,556953.8078,498063.1018,515364.4088,628502.2242
glutamylthreonine,0.402122514,0.024244375,-1132909.773,HMDB0028829,NA,NA,Not assigned,4795702.951,4904795.036,4271330.64,3076087.768,3888294.301,3608717.241
glutathione,-0.625207554,0.001054876,1002910819,HMDB0000125,C00051,Glutathione,Glutathione metabolism,1984845939,1865886586,1696006067,2991259609,2849597130,2714614309
glutathione oxidized,-1.075124874,2.57718719441913e-05,3909340.944,HMDB0003337,C00127,Glutathione disulfide,Glutathione metabolism,3814316.636,3542508.43,3238509.557,7699334.092,7339262.453,7284760.909
Gly-Gly,-0.836095993,4.83003210444144e-05,836742.9569,HMDB0011733,C02037,N-Glycylglycine,Amino acid metabolism,1041029.801,1087986.744,1067860.937,1735100.193,1856919.051,2115087.109
glyceraldehyde 3-phosphate,0.051849975,0.979520749,-663679.4984,HMDB0001112,C00118,D-Glyceraldehyde 3-phosphate,Glycolysis / Gluconeogenesis,17275062.52,17447470.12,21678424.24,17854683.82,17626646.95,18928587.62
glycerol 3-phosphate,-0.526574362,0.020575146,6587011.626,HMDB0000126,C00093,sn-Glycerol 3-phosphate,Glycerophospholipid metabolism,14136524.96,15023970.19,15699491.92,19833236.97,22780687.67,22007097.32
glycerophosphocholine,0.157820576,0.688452919,-1139100903,HMDB0000086,C00670,sn-Glycero-3-phosphocholine,Glycerophospholipid metabolism,9967473588,11680704505,11330421027,8863157096,9516495700,11181643614
glycerophosphoethanolamine,-0.893225927,4.34371726443228e-06,149057500.5,HMDB0000114,C01233,sn-Glycero-3-phosphoethanolamine,Glycerophospholipid metabolism,161574822.3,187556157.2,172459713.9,343422035,308364353.5,316976806.4
glycerophosphoinositol,-1.515489545,0.000693399,58320429.57,HMDB0011649,C01225,sn-Glycero-3-phospho-1-inositol,Not assigned,32379637.4,39548178.97,22190106.91,106750581.3,86435401.62,75893229.05
glycine,-2.757094503,5.37918265486326e-10,20061027.73,HMDB0000123,C00037,Glycine,Amino acid metabolism,3493625.64,3528048.525,3426172.144,24401002.44,23659708.25,22570218.81
GMP,-0.009349094,0.999994869,10269.92955,HMDB0001397,C00144,GMP,Purine metabolism,1834825.431,1145320.587,1758844.229,2017508.512,1281797.722,1470493.801
GTP,0.014736802,0.999986956,-75958.23088,HMDB0001273,C00044,GTP,Purine metabolism,8639229.594,4781881.143,9001367.461,10151090.29,5734975.388,6308537.825
guanosine,0.161594218,0.977521855,-79792.34816,HMDB0000133,C00387,Guanosine,Purine metabolism,723508.8541,550655.7819,984889.1574,645845.029,644836.9206,728994.7992
hexanoylcarnitine C6,-0.636617081,0.009138041,2027790.36,NA,NA,NA,NA,3730170.536,3893996.496,3343197.822,5003534.183,6791551.74,5255650.012
hexenoylcarnitine C6:1,0.166220299,0.759687162,-199756.3317,NA,NA,NA,Fatty acyl carnitines,2009538.609,2011365.847,1485787.104,1481233.706,1995033.057,1431155.803
hexosamine phosphate,-1.413775302,6.38719583659908e-05,8723181.779,NA,NA,NA,Not assigned,4843648.51,5422672.645,5457406.837,16270968.81,13739096.58,11883207.94
hippuric acid-d5,0.439568281,0.00783329,-1153822768,NA,NA,NA,NA,4624712907,4340353963,4214210391,3171399130,3180479423,3365930405
histidine,-0.634005865,1.55023388056508e-05,254577845.8,HMDB0000177,C00135,L-Histidine,Amino acid metabolism,482678795.8,445543238,455684105.6,737541468.7,692348663.2,717749545
homoarginine,0.396349696,0.057005468,-513177.1297,HMDB0000670,C01924,L-Homoarginine,Arginine and proline metabolism,2012436.027,2134081.503,2262274.942,1595295.732,1435407.954,1838557.398
hypotaurine,0.799849514,0.000503112,-633113.2022,HMDB0000965,C00519,Hypotaurine,Not assigned,1469642.841,1469085.18,1524101.336,1028281.131,807591.0818,727617.5377
hypoxanthine,-0.169970222,0.995358853,461455.4326,HMDB0000157,C00262,Hypoxanthine,Purine metabolism,6468141.648,2581735.886,2021929.459,2307248.109,2125909.147,8023016.036
IMP,1.039883625,0.018119368,-442927.5093,HMDB0000175,C00130,IMP,Purine metabolism,775510.003,1009287.65,802228.0328,489397.0294,402330.883,366515.2455
indole,-0.590224427,0.000237248,311820.5774,HMDB0000738,C00463,Indole,Not assigned,613402.132,620355.3958,616879.5372,991255.5537,847496.2107,947347.0326
indole-3-lactate,-0.790122931,0.005443341,231940.378,HMDB0000671,C02043,Indolelactate,Not assigned,331840.8233,254852.3449,367503.6644,635862.5788,500994.7759,513160.6119
inosine,-0.196935372,0.847103765,100878.5567,HMDB0000195,C00294,Inosine,Purine metabolism,601369.9961,781272.9123,686507.5145,719841.5179,620400.6136,1031543.961
isoleucine,-0.27385293,0.073462643,85393372.79,HMDB0000172,C00407,L-Isoleucine,"Valine, leucine and isoleucine biosynthesis",420406029.8,401997946.1,403148115.6,470955902.5,462226339.1,548549968.2
isovalerylcarnitine,0.917047368,0.006503844,-14510266.29,HMDB0000688,C20826,Isovalerylcarnitine,Fatty acyl carnitines,29656655.78,30619593.76,32262096.75,19753215.06,15537391.2,13716941.17
KMV,0.17062961,0.906374864,-530653.0839,NA,NA,NA,"Valine, leucine and isoleucine biosynthesis",4475373.167,4746638.363,5049872.57,3605000.644,2919326.03,6155598.175
lactate,0.301584319,0.164140697,-134441906.7,HMDB0000190,C00186,(S)-Lactate,Glycolysis / Gluconeogenesis,721790169.7,654376726.9,761914316.9,565048879.4,499136449.8,670570164.3
leucine,-0.454218845,0.002871952,160435321,HMDB0000687,C00123,L-Leucine,"Valine, leucine and isoleucine biosynthesis",452768187.2,414521702.4,433393651.7,577249919.7,564558365.3,640181219.3
lysine,0.400610359,0.07719657,-9550961.352,HMDB0000182,C00047,L-Lysine,Amino acid metabolism,39846551.36,37827659.2,40500396.47,27919226.33,25870671,35731825.65
malate,0.098135218,0.749863688,-144218237.7,HMDB0000156,C00149,(S)-Malate,Citrate cycle (TCA cycle),2244208988,2276823115,2058245048,1940397414,2064435997,2141789027
malonate,0.170114297,0.768843429,-816248.0861,HMDB0000691,C00383,Malonate,Pyrimidine metabolism,7457169.618,8327513.223,6230907.718,5918003.152,6198577.345,7450265.804
malonylcarnitine C3-DC,2.953720686,7.31572621371912e-05,-1372270.779,HMDB0002095,NA,NA,Fatty acyl carnitines,1553685.496,1689016.824,1484239.049,268572.0402,143914.9542,197642.0372
mesaconate,1.026183305,5.32270411566227e-05,-17145852.66,HMDB0000749,C01732,Mesaconate,Citrate cycle (TCA cycle),32929422.8,35011520.19,33116633.78,14951797.29,16354894.21,18313327.27
methionine,-0.896409581,4.40890136513827e-05,69608541.77,HMDB0000696,C00073,L-Methionine,Amino acid metabolism,85256547.89,77161399.86,80000104.77,144315072.6,146980149,159948456.2
methionine sulfoxide,-0.557836742,0.01104194,203422.6657,HMDB0002005,C02989,L-Methionine S-oxide,Cysteine and methionine metabolism,539805.6646,422230.5195,330739.4067,617546.5113,623903.4048,661593.6717
methylhistidine,-0.325416252,0.010596341,9267680.207,HMDB0000001,C01152,N(pi)-Methyl-L-histidine,Amino acid metabolism,37194008.99,36330172.34,36358004.82,46537469.42,43426917.52,47720839.83
methylindole,-0.414013606,0.000151894,676412.4514,HMDB0000466,C08313,Skatole,Not assigned,1940466.404,2066645.513,2097925.19,2724280.199,2607979.061,2802015.201
methylmalonylcarnitine C3-DC-M/succinylcarnitine C4-DC,2.419830756,2.08158955627979e-08,-37595579.42,NA,NA,NA,Fatty acyl carnitines,48024086.07,44890301.49,45793886.28,9423708.801,8611878.675,7885948.092
mevalonic acid 5-pyrophosphate,0.242965459,0.98162312,-50093.05019,NA,NA,NA,Not assigned,426519.1344,250685.148,292380.0073,344295.7788,168581.4658,306427.8945
myo-inositol,1.666314831,2.10689370405692e-06,-178200831.1,HMDB0000211,C00137,myo-Inositol,Not assigned,268277701.4,260066393.6,252162547.8,91206977.84,80653826.89,74043344.73
N-acetylalanine,-0.470900753,1.36266176237188e-05,4955448.789,HMDB0000766,NA,NA,Amino acid metabolism,12143217.01,13214624.54,13158549.92,18445570.28,17684057.45,17253110.11
N-acetylarginine,-2.358075573,6.06212969933573e-07,2045855.762,HMDB0004620,NA,NA,Amino acid metabolism,495265.0773,365013.6412,626945.6879,2833531.344,2380366.854,2410893.495
N-acetylaspartate,-5.471270942,5.16253706450698e-14,2700125216,HMDB0000812,C01042,N-Acetyl-L-aspartate,"Alanine, aspartate and glutamate metabolism",59680626.65,62471731.77,64653364.01,2717445462,2788055498,2781680410
N-acetylaspartylglutamate,-8.160773493,1.88238313825195e-12,69385394.2,HMDB0001067,C12270,N-Acetylaspartylglutamate,"Alanine, aspartate and glutamate metabolism",280252.8128,230783.4055,218878.1725,66586131.56,70708615.03,71591350.42
N-acetylglutamate,-1.742348048,2.9265182954763e-07,87329027.16,HMDB0001138,C00624,N-Acetyl-L-glutamate,Amino acid metabolism,35106202.1,38486887.1,38090728.73,113692991.1,125423252.3,134554656.1
N-acetylglutamine,-1.970655579,4.17587597834057e-09,9707976.216,HMDB0006029,NA,NA,Amino acid metabolism,3339694.841,3555700.745,3080391.137,12373728.9,13474542.33,13251444.14
N-acetylhexosamine phosphate,0.881941615,0.000163247,-1550904.93,NA,NA,NA,Not assigned,3492747.684,3101910.139,3578248.998,1982760.494,1792756.508,1744675.031
N-acetylhistidine,-0.313218674,0.72142723,2837600.756,HMDB0032055,C02997,N-Acetyl-L-histidine,Amino acid metabolism,13576648.38,9667282.724,11863796.72,11759960.36,12170531.04,19690038.69
N-acetylmethionine,-1.346358787,1.21677923691221e-05,31951061.61,HMDB0011745,C02712,N-Acetylmethionine,Amino acid metabolism,18838959.93,20112930.57,23181677.42,48453786.27,51397524.14,58135442.34
N-acetylneuramic acid,1.375952694,0.000104722,-10808241.65,HMDB0000230,C19910,N-Acetyl-beta-neuraminate,Not assigned,19176828.39,15346443.84,18225433.45,5670631.961,7010638.579,7642710.177
N-acetylornithine,-0.33563674,0.003363624,3217616.476,NA,NA,NA,Amino acid metabolism,12457407.56,11974256.96,12420520.95,15951194.51,14801961.59,15751878.79
N-acetylserine,-0.772232811,2.47697593735996e-06,220040186.1,HMDB0002931,NA,NA,Amino acid metabolism,296327772.5,316541222.6,319621872.9,566201699.2,524160845.6,502248881.4
N-carbamoylaspartate,-0.184392044,0.998433312,1115114.619,HMDB0000828,C00438,N-Carbamoyl-L-aspartate,Pyrimidine metabolism,7067282.049,9521686.252,7948163.373,6458638.532,17592657.98,3831179.014
NAD,0.121362538,0.098641693,-15497882.42,HMDB0000902,C00003,NAD+,Oxidative phosphorylation,183694476.5,195229607.3,197341044,178563109.1,180711542.8,170496828.6
NADH,-0.213190433,0.950140641,217814.6264,HMDB0001487,C00004,NADH,Oxidative phosphorylation,1465478.247,1182152.381,1455654.432,2631484.086,1014651.853,1110593
NADP,-0.293705377,0.745748849,220780.0127,HMDB0304435,C00006,NADP+,Glutathione metabolism,1048696.083,866394.5614,1018414.591,1153277.545,1395012.63,1047555.099
NADPH,0.78312386,0.397612529,-1052147.236,HMDB0000221,C00005,NADPH,Glutathione metabolism,2990974.644,1464519.806,3079706.488,2108319.371,812000.8196,1458439.041
ophthalmate,-1.191825841,1.15605724659851e-07,97646648.03,HMDB0005765,C21016,Ophthalmate,Cysteine and methionine metabolism,73393577.11,80105921.95,74572856.49,174027560.6,181840397.4,165144341.6
ornithine,-1.367637323,1.23009813013386e-06,3482754.274,HMDB0000214,C00077,L-Ornithine,Amino acid metabolism,2340577.833,2212177.262,2058077.031,5279053.998,5976593.188,5803447.761
orotate,-1.123705384,0.927461789,48858811.98,HMDB0000226,C00295,Orotate,Pyrimidine metabolism,33675553.28,45159952.57,45480929.92,35894670.35,191346122.2,43652079.21
orotidine,2.557279938,3.07217348963773e-05,-1054203699,HMDB0000218,C01103,Orotidine 5'-phosphate,Pyrimidine metabolism,1276466724,1343400921,1190027768,321761909,192657636,132864772.7
pantothenate,0.581519846,0.000424714,-446705298.3,HMDB0000210,C00864,Pantothenate,Vitamin digestion and absorption,1289689777,1392441377,1357518914,784232784.1,963576666.3,951724722.6
pentose phosphates,0.145495704,0.389155593,-732340.8239,NA,NA,NA,Not assigned,7125490.371,8110977.206,7665570.104,6149509.275,7199587.684,7355918.251
phenylalanine,-0.452668449,0.002882826,89202651.46,HMDB0000159,C00079,L-Phenylalanine,Amino acid metabolism,246346088.2,238982768.6,240743506.3,324858634.3,307224248.3,361597434.8
phosphocreatine,-6.977943827,1.03678109431016e-08,413931706,HMDB0001511,C02305,Phosphocreatine,Arginine and proline metabolism,4762172.829,2805519.519,2362061.478,406842317.8,454666369.4,390216184.7
phosphoenolpyruvate,1.073839039,0.001686023,-7974642.056,HMDB0000263,C00074,Phosphoenolpyruvate,Citrate cycle (TCA cycle),17540594.32,14936661.92,13096744.25,7641795.01,7345260.803,6663018.507
phosphoethanolamine,-6.152477645,1.50674183130306e-08,117999163.5,HMDB0000224,C00346,Ethanolamine phosphate,Glycerophospholipid metabolism,1446896.442,1850009.153,1750502.757,125645043.5,125093590,108306265.2
phosphorylcholine,-1.627422046,5.13770708310268e-07,12590823768,HMDB0001565,C00588,Choline phosphate,Glycerophospholipid metabolism,5942313850,6306919385,5827142531,19791526161,19083497903,16973823007
proline,-0.711668609,4.50730472389971e-07,7804113600,HMDB0000162,C00148,L-Proline,Amino acid metabolism,11845789148,12405225701,12462870597,19570723886,20403301753,20152200608
propionylcarnitine,-0.07568367,0.880564694,21838267.14,HMDB0000824,C03017,O-Propanoylcarnitine,Fatty acyl carnitines,386050764.5,385850667.6,444481897.6,495435267.5,409676534.5,376786329.1
pyroglutamic acid,0.139065873,0.72048127,-32380479.14,HMDB0000267,C01879,Pyroglutamic acid,Glutathione metabolism,379771328.7,331154954.6,346187837.8,274178849.3,290280210.4,395513624
pyruvate,0.495609413,0.139508673,-7120368.16,HMDB0000243,C00022,Pyruvate,Glycolysis / Gluconeogenesis,22840327.69,23703684.36,26927998.69,16538688.65,14243087.05,21329130.56
S-(2-succinyl)cysteine,-2.385838082,0.000373147,461895.488,NA,NA,NA,Not assigned,90757.83575,121873.438,115227.4409,689607.3618,614458.7425,409479.0743
S-adenosylhomocysteine,-0.409725253,0.006389175,2394136.991,HMDB0000939,C00021,S-Adenosyl-L-homocysteine,Cysteine and methionine metabolism,6780883.87,7467058.854,7620795.453,10794289.9,9673118.945,8583740.303
S-adenosylmethionine,1.039835172,5.44540889980683e-05,-47679647.64,HMDB0001185,C00019,S-Adenosyl-L-methionine,Cysteine and methionine metabolism,89552281.38,92100460.15,96840676.76,39390303.21,48631184.92,47432987.26
S-lactoylglutathione,0.037418479,0.999467343,-24334.89461,HMDB0001066,C03451,(R)-S-Lactoylglutathione,Glutathione metabolism,880478.6497,1142299.753,828627.2031,1216146.276,952835.9794,609418.6674
sedoheptulose 7-phosphate,-0.083758314,0.940093726,38073.82448,HMDB0258206,C05382,Sedoheptulose 7-phosphate,Pentose phosphate pathway,578935.4801,692476.1357,639437.9553,520206.0801,708811.9631,796053.0013
serine,-2.553944836,2.88674225745744e-07,40477616.84,HMDB0000187,C00065,L-Serine,Amino acid metabolism,9213418.426,8089039.967,7620248.873,52847766.34,50407160.72,43100630.72
stearoylcarnitine C18,0.300695468,0.948095366,-220525.9442,HMDB0000848,NA,NA,Fatty acyl carnitines,1189002.371,1122525.38,1204902.14,1850692.297,555442.3529,448717.4078
succinate,-0.61834303,0.027738963,16408901.9,HMDB0000254,C00042,Succinate,Citrate cycle (TCA cycle),31488406.08,28513243.13,31991788.52,39546102.13,42678320.02,58995721.27
succinylglutathione,-1.75231827,5.77695481006613e-05,2462475.873,NA,C03174,S-Succinylglutathione,Glutathione metabolism,1205182.312,1074784.571,838413.5894,3953230.157,3574104.733,2978473.201
taurine,1.096313926,4.72572350577183e-05,-2058049338,HMDB0000251,C00245,Taurine,Not assigned,4065166566,3771464972,3762586211,2084269089,1693870941,1646929705
tetradecanoylcarnitine C14,-2.317980003,0.000491017,1566494.835,HMDB0005066,NA,NA,Not assigned,340557.0368,449592.8495,388748.4562,2529778.017,1826551.223,1522053.608
tetradecenoylcarnitine C14:1,-1.031105881,0.225272392,617523.732,NA,NA,NA,Fatty acyl carnitines,657106.8235,518660.8133,599422.7586,818846.7027,1417977.909,1390936.98
thiamine,-0.485096439,0.003013661,24768564.95,HMDB0000235,C00378,Thiamine,Vitamin digestion and absorption,62988916.27,61346153.43,61578164.61,86600447.81,82321788.85,91296692.5
threonine,-1.917911799,5.11672753511494e-06,473890280.5,HMDB0000167,C00188,L-Threonine,Amino acid metabolism,172999611.6,171132446.5,167489062.7,735156746.1,636300014.2,561835202.2
trans-4-hydroxyproline,-2.245688902,3.7611839988072e-06,100131005.2,HMDB0000725,C01157,Hydroxyproline,Amino acid metabolism,28087442.39,27500982.3,24674010.64,144520544.3,126350663.8,109784243
trimethyllysine,-0.070584734,0.930911049,280349.0368,HMDB0001325,C03793,"N6,N6,N6-Trimethyl-L-lysine",Amino acid metabolism,5723521.411,5150431.099,5899277.537,6238519.882,5118803.368,6256953.907
tryptophan,-0.394982004,0.000635126,80212939.77,HMDB0000929,C00078,L-Tryptophan,Amino acid metabolism,256797971.1,253882481,253430945.4,342974414.4,316408141.5,345367661
tyrosine,-0.220277814,0.204166403,19234289.09,HMDB0000158,C00082,L-Tyrosine,Amino acid metabolism,119090610.5,122771462.6,107941535.1,141284064.8,125795316.8,140427093.8
UDP,0.223438842,0.819821729,-4770565.827,HMDB0000295,C00015,UDP,Pyrimidine metabolism,36395193.8,27551514.75,35801234.03,38604904.66,23658013.65,23173326.78
UDP-GlcNac,-0.335146821,0.102193405,31530797.21,NA,NA,NA,Not assigned,119189221.1,116722886.7,125809878.7,176964503.3,140445867,138904007.8
UDP-hexose,0.049293092,0.97872786,-2850405.04,NA,NA,NA,Not assigned,83177213.95,85226735.01,86170339.48,98757664.99,76499790.45,70765617.87
UMP,0.731575405,0.021522042,-2109370.305,HMDB0000288,C00105,UMP,Pyrimidine metabolism,5604822.465,5083695.326,5221088.331,4136091.068,2724295.548,2721108.59
uric acid,0.339082456,0.080469499,-68512139.8,HMDB0000289,C00366,Urate,Purine metabolism,336995332.6,304106411.5,340184793.3,234697723.5,231711939.4,309340455
uridine,-0.061713367,0.998553608,34948.22481,HMDB0000296,C00299,Uridine,Pyrimidine metabolism,1082080.177,608915.2594,707946.6923,832756.5818,656573.2849,1014456.936
UTP,0.217915892,0.949481404,-11304254.07,HMDB0000285,C00075,UTP,Pyrimidine metabolism,90710931.49,56997541.11,94191395.01,107080622.8,48853010.39,52053472.2
Val-Lys,-0.780101416,8.9125127043177e-05,16771377.26,HMDB0029132,NA,NA,Amino acid metabolism,23639151.1,21748553.5,24760807.87,42890269.18,38442608.97,39129766.09
valine,-0.118224697,0.594813983,25708899.39,HMDB0000883,C00183,L-Valine,"Valine, leucine and isoleucine biosynthesis",315279253.2,292344631.6,295515888,313973606.8,305676938.7,360615925.5
valine-d8,0.516596794,0.002673479,-674237712.7,NA,NA,NA,NA,2390155102,2227283635,2102958682,1483137881,1600737730,1613808669
xanthine,-0.071824048,0.989393606,692460.9992,HMDB0000292,C00385,Xanthine,Purine metabolism,15393862.43,11632708.28,13670747.19,12150459.97,11849147.52,18775093.42
