code,Conditions,BiolgicalReplicate,AverageCellNumber,DryWeightGenerated,DryWeight_t=24h,valine-d8,hipppuric acid-d5,2-hydroxyglutarate,2-ketoglutarate,3-Dehydro-L-threonate,acetylcarnitine,acetylcholine,acetylornithine,aconitate,alanine,arginine,asparagine,aspartate,betaine,butyryl-carnitine,carbamoyl phosphate,carnitine,citrulline,creatine,creatinine,cystine,dihydroorotate,fumarate,gluconate,glucose,glutamate,glutamine,glycerylphosphorylcholine,glycine,histidine,hydroxyphenyllactic acid,hydroxyphenylpyruvate,hydroxyproline,hypotaurine,hypoxanthine,isovalerylcarnitine,KMV+KIC,lactate,leucine+isoleucine,linoleic acid,lysine,malate,methionine,methylarginine,methylaspartate,myo-inositol,N-acetylaspartate,N-acetylaspartylglutamate,N-acetylglutamate,N-acetylneuramic acid,oleic acid,ornithine,orotate,palmitate,pantothenate,phenylalanine,phosphocholine,proline,propionylcarnitine,pyroglutamic-acid,pyruvate,S-(2-succinyl)cysteine,serine,stearic acid,succinate,succinyladenosine,taurine,threonine,tryptophan,tyrosine,uric acid,valine,xanthine
MS51-01,media,1,NA,NA,NA,805641492.1,3321879084,59258034.5,48968066.1,227832598.3,55248207045,45978493.6,214811100.5,12364498.4,1136530033,3944670488,192111544.4,143598431.7,38033394163,70901186.3,91359322.8,10728959214,2305209376,24973958548,19167838361,256322867.8,0,17796110.4,255610803.6,1112472626,1478132586,4290913673,310816585.5,17165395.5,15910015185,23076913,0,1552568381,181580.8,741406691.4,26770734.2,5580540.5,2443304873,8230182424,5888280.4,1580568176,242817279.1,1779789324,66638500,1487032387,202530975.3,7042795.1,0,2769452.8,49635128.4,37401338,64911293.7,690709.5,74557555.1,697350073.1,4348751366,360942.3,28075039315,133655599.8,4968674473,162123067.6,0,125910831.7,52623109.1,255961116.1,918952.8,6108324769,2923552325,4885231251,4427836128,7002358535,4431083199,400899078.6
MS51-02,media,2,NA,NA,NA,774207448.6,3156839072,59888512.4,46817213.1,280825089.5,52738878296,43464861.8,225884478,14633131.7,1088917154,5340677097,187585153.6,152566879.2,37855491112,70840584,90804052.9,10203163695,2255874339,24515930103,18845866884,248848188.9,0,20718101.2,225400139.6,1135364663,1470089182,4166284607,299457400.3,16480728.9,15530693401,22501712.1,0,1541336653,157258.9,744918929.4,26254533.6,5901533.5,2395122744,8130664875,5312425.2,1795359420,296821524.8,1778867588,98193216.7,1479205007,199144574.5,6922902,0,2411632.2,54200907.6,44799645,122876277.2,884493.5,52482562.1,683317094.1,4326929772,294794.2,28085279027,124531448.8,4907042599,156855100.3,0,120268194.4,42674705.1,252047474.1,980684,6311598940,2834060880,4741368309,4250462957,6786220885,4228049995,359410525.9
MS51-03,media,3,NA,NA,NA,806230116.4,3146255406,62571770,50198996,306775319.6,55658379039,48616509.9,228320055.6,13984217.2,1184931394,5983983374,204256682.9,163615186.5,39718265952,73394442.9,91476725.1,11202759575,2370299918,26321202617,19922496362,284166746.4,0,23680767.2,311796674.4,1140800422,1594872759,4489884285,323468708.6,19447125.6,17050621370,24819930,0,1650855227,247020.7,755399001.6,27242378.2,3627544.3,2510921596,8668739836,5744964.5,2008521265,320363113.9,1913498235,113525146.8,1609695297,214168344.8,7195780.2,0,2655859.2,49082764.3,42326515.9,137169541.9,563478.8,64627654,743785043.4,4548593596,391787.8,29755925792,137361309.7,5429506357,171007840.6,0,134592578.5,57699893.3,270724497.7,1408582.9,6343434959,3076625551,5286688798,4605554865,7436538388,4833375882,396474359.6
MS51-04,media,4,NA,NA,NA,799304083.9,3251539624,84786601.4,55225678.6,594910687,58868820184,49245040.3,229388105.1,29211848.6,1242663803,4744109260,212588566.2,195890135,41197778937,79095436.3,97199758.1,11540885654,2505875960,27260611727,20535572643,349536457.6,70239.9,43188054.1,342661153,1198102648,1668311047,4646887376,341024419.8,20048407.6,17713915659,25719281.9,0,1642719104,282781,776921616.4,29691294.2,7070256,2672971128,9035469746,6067014.8,1601743743,606259250,1987017240,68324508.5,1685314272,194639581.2,8697477.1,180838.2,2687007.9,53038401.3,39888597.3,37947901.4,636513,63946335.1,786392516.9,4591614157,528296,31158657805,139530388.5,5675098897,176869723,1095680.2,140904763.4,56030798.7,283727138.6,1353742,6491251151,3314864651,5588317377,4755239987,7828474797,4980125635,408044974.5
MS51-05,media,5,NA,NA,NA,765139228.3,3267418930,61308116.3,53312264.6,483838239.9,55178166414,48860981.6,224414510.2,34350199,1130883173,4292455176,199972392,165417780.9,38885303836,76221559.9,93964828,11149648183,2288559576,25459680509,19379264970,307125906.4,0,35860433.9,296909443.2,1113280462,1558742270,4412860812,297450855.5,18866422.8,16415969270,24619366.4,0,1637137516,259863.9,723190722.6,28996102.7,22349689.5,2659033513,8607847474,5649820.9,1373298239,495359272.5,1876558435,66231652.8,1572185170,193537528.8,7567083.1,74619.3,2531944.4,48808527.6,35764835,30800145.9,549118.2,53337277.7,727213767.2,4520256385,562293.9,29439052067,141033450.4,5409202601,170610796.8,1071620.3,132571514.4,43305774,250136519.4,976704.1,6131800475,2970036046,5207531243,4498491846,7351518696,4716485196,379730778.9
MS51-06,HK2 CCM,1,3.125,129.4674281,249.2817226,780552870.8,3127630257,84950547,169244158.5,1807489245,54032080308,45808205.7,212897802.4,183079315.7,1521980587,1498239499,167296774.7,293012346,39412051227,131569271.6,88579131,11018240799,2334499135,24847788373,18780555872,355704687.9,1139253.4,131512804.2,641093572.3,668896272.6,2306000638,1228630673,354950363.5,18766182.8,14570268473,22880347,1785590.5,1216383578,183255.7,3069743.2,25244945.9,122339722.1,11979038635,5992996788,729381.4,906663913.9,1827918710,978799600.8,42040627.5,2318709914,128830737.4,307355322,2383839,11742840.7,36413269.5,18082832.7,60916965.4,10090578.7,44462160.5,690155739.3,3386236213,45807497.9,29375396637,150608220.3,4124678755,435608979.1,4187857.2,89105912.2,33833514,256645887.4,1706957.3,4798209991,2199199185,4654187792,3586520873,6971512208,3858392325,364060806
MS51-07,HK2 CCM,2,3.125,129.4674281,249.2817226,802602347.9,3256031922,60753858.7,151064766.8,695228423.7,56032173644,48594963.5,207362283,51139344.2,1601276191,3879343173,172372005.1,240045864.2,40364595952,136986545.2,93982657.5,11449165943,2435965248,25960158537,19406466883,265707616.2,912064.7,52290882.9,301076804.9,715252191,2282253912,1420518040,348014352.1,18968504.2,15106131962,23738961.8,1571598.7,1346180997,204033.6,2754310,27703409.2,129407209.2,12308920746,6216336828,933893.5,1502455179,706022745.2,1040161829,100744755.3,2297734998,181708496.8,245092193.1,1166087.7,11540044.7,34211563.3,20089608.2,139403856.5,9400699.8,43827083.1,718366282.6,3611907384,33062789.2,30093973389,160421008.6,4455154724,452485929.6,158864.2,87610317.1,32915780.1,267260059.4,1181679.6,5382958316,2290193381,4867176521,3716490960,7203164364,4092012320,385829890
MS51-08,HK2 CCM,3,3.125,129.4674281,249.2817226,831984796.3,3308009345,73718362.9,171281531.4,791442406.7,59327970232,53703951,208405496.3,46993297.8,1750535648,4372206817,179569916.7,262373457,42188539087,152682066.2,98313622.8,12775041529,2784601775,28240146918,20514476565,283534200.5,986659.6,60336727.7,327816553.6,791681947.8,2444381506,1445989429,413332115.4,20602672.8,15826527241,26309463.7,1823988,1365892376,213940.8,2880626.8,30404404.1,142450050.3,13651466081,6759779708,1007465.4,1789629423,801434320,1148112708,121631030.3,2459718667,182278489.6,292623253.2,1339854.4,13147486.8,40419592.7,22110245.4,254415933.6,9846673,45428554.6,777815444.1,3904743523,38049553,32173992908,167459274,4767968641,482492916.5,0,98414517.9,31475208.7,296230097.2,1491200.7,5394643876,2479941444,5380281756,4392890591,7982958401,4343595827,406902217.2
MS51-09,HK2 CCM,4,3.125,129.4674281,249.2817226,822744518.1,3209731571,65933166.4,112033043,315209588.7,59375351252,54759909.6,202593557.7,46378883,1667580217,2850886301,151628812.1,232289786.1,38997794233,156241362.1,99040113.7,12177406927,2654327417,26635642516,19671152946,360745784.1,953187,24559583.2,290758407,796912405.7,2212296297,1319743300,381745660.9,19083750.2,14935916482,25178558.2,1944010,1381529085,139521.6,3722028,31563538.8,180715377.5,16343109765,7273417161,1107985,1393651103,361913657.9,1159091139,47633583.6,2229706002,81592160.2,304683409.6,1534533,11676316.2,41583422.7,31448495.1,207230675.2,10928836.8,64847265.1,684997705.6,4377969593,35578956.7,30662834896,177052291,4874570880,613040557.5,601721.3,96282259.7,50262134.7,269236744.7,1948004.8,5120059281,2542279337,5488855786,4244907903,7556412367,4417582171,304926222
MS51-10,HK2 CCM,5,3.125,129.4674281,249.2817226,805565866.8,3297793480,68183575.5,170902743.7,615035216.5,60276777690,54263289,203298897.2,48560946.5,1776040614,2962954824,178335775.8,246694680.4,43150016097,155388389.3,97429796.2,12748889808,2642021698,27741946103,20799080722,275992415.7,1319266.2,47323262,327454491.2,767360622.4,2324835155,1398934440,395363945,20434728.5,15819213599,26704817.7,1866460.4,1463985782,273114.2,3764521.5,30199665.5,139559513.6,13904583451,6691230212,1089241,1527164498,625085226.8,1121210520,75011253,2335899676,189094355.8,277801958.2,920238.3,12677831,38346135.3,26411914.6,158433641.5,10363828.2,52921310.1,776641574.2,3806176654,37391148,31625145520,172720800,4688531722,484391367.5,0,98131037.8,45011642.6,297438161.4,1687854.6,5289654862,2458845880,5301456623,4310392797,7607817886,4310641312,416357172.8
MS51-11,786-O CCM,1,4.525,95.12966941,297.3423432,841873509.1,3418515398,75941661.1,215553005.2,501977089.1,52732836151,48079313.9,212461726.6,32451144.9,1330288479,3506551939,155020311,177708059.6,38838125160,112544150.4,89608496.5,11773504413,2389828746,26477949712,19269293056,251386490,1190391.1,38760035.5,464901305.5,639387353,2214431444,2205809072,374587670.2,17732830.7,14012092505,22772798.4,902188.7,1160228639,170302.2,3258249.6,21939658.1,150932216.2,12227091612,5558374223,618907,1506733849,520291962.2,833939988.1,101353836.9,2232803605,163639053.7,19893757.8,0,7123106.1,38188252.5,11411527.2,88696982.1,16754494.4,29009993.2,689599993.1,3179090711,17352404.9,28382359014,149794263.2,4417117489,614831346.6,177952.1,60827835.3,22463471.4,246984702.6,1241196.6,5014451683,2085203049,4468333767,3545766198,6974613301,3659458392,374118125.8
MS51-12,786-O CCM,2,4.525,95.12966941,297.3423432,825462964.5,3218049751,62100209.8,195308040.4,484681098.8,50323549596,43739146.8,207202272.3,25395391.3,1308122445,3727423144,153558006.1,181462817.2,37706922367,102703197.8,85847131.1,10842695356,2255688646,26294975878,18070923937,237685074.1,1192619.4,37287183.1,229140704.1,613247406.4,2133938060,2207685458,351474112.6,17362598.7,13868930005,20911344.7,899008.8,1182798017,147722.3,3658103.2,23050144.5,132378677.7,11035459612,5333547413,677407.1,1464986547,497030459.1,797453445.9,110674855.1,2150826048,168046368.3,17480496,0,5965770.2,34551648.6,11977253.9,96074420.2,16995348.3,28687639.2,633679990.5,3092149272,14422984.9,28120757118,134207385.1,4211124296,532129639.8,157810.3,60323863.8,21825521,228858901.2,1062152.5,4863144434,2032578427,4171355250,3306357432,6757963156,3572452611,364624657.3
MS51-13,786-O CCM,3,4.525,95.12966941,297.3423432,805520323.8,3211192587,58682639.7,195377536.9,446571332,50020458838,44197934.8,206714796.5,25370518.6,1298175649,3528586840,154719396.9,167844328.3,38566699053,109504914.4,87274090.2,10995767594,2241377485,25895112020,18551795541,226510286.2,1306953.1,34302403.7,203237175.4,585832863.9,2139546081,2149690250,342492878.2,16616608.5,13508033939,20725516.3,922086.8,1130253598,211514.2,3234948.2,24621373.3,139004915.4,11245841576,5222610545,624440.5,1346268484,460051774.2,784753219.3,102715956.1,2156216235,169410344.9,17147134.3,0,5603213.8,32747261.8,14431978.4,88221498.3,16110273.2,31976599.9,642864489.2,3068522133,13924738.1,28158107678,137673381.8,4237552763,556655941.3,208392.4,56873918.8,32034621.9,228551852.6,1106473.1,4541221150,1998874981,4141940616,3254945379,6658533439,3579060173,368368682.9
MS51-14,786-O CCM,4,4.525,95.12966941,297.3423432,786089937.4,3161475388,61019604.4,182007804.3,438547322.2,49629598692,41482401.2,204424088.9,27874978,1238057549,2499911375,148694666.1,174295683.4,36951237705,105315752.1,85979149.7,10486271985,2165494044,24988629169,18134448426,228096740.9,1077073.6,34262503,198257954.5,603194400.9,2088547978,2104362978,341280666.2,16953118.3,13178386091,21216355.8,926441.5,1173990129,130116.5,3075319.6,25136000,134576792.9,11302957075,5075854614,628132.7,1218590111,453126010.9,757982785.8,68430382.4,2101112268,160544721.6,17201243.3,0,4537987.2,35210770.8,11110895.6,60710418.8,15750356.4,17302155,619128478.2,2907686640,14304669.7,27021210080,134345487.5,4042157593,563406022.6,0,56972170,11046656.1,227392437,1086769.7,4668155892,1937186458,4002111260,3289395144,6361994365,3383454364,379398647.6
MS51-15,786-O CCM,5,4.525,95.12966941,297.3423432,755901042,3126242318,52571770.9,179344618.6,385108767.5,48163345184,40235584.7,199673443.2,23660147.4,1180842249,3105172243,145040920.8,155644314.5,36673534103,102734773.4,86435590.4,10311579650,2027442082,23608328145,16973586595,215976478.2,1199223.1,30443143.6,178684851.5,575238481.2,2048173808,2079516399,304494543.5,16207764,12669477722,20302877.2,861511.9,1077501458,228488.7,2791067,23058728.6,134993105.1,10745793653,5023098036,586203.4,1281443544,394429788.1,753983842.1,89323819.3,2062109483,168255717.6,14827459.3,0,5140676.1,31920482.3,10412779.3,75204483.8,16342462.8,19272307.4,602450618.1,2888409461,12060756.9,26486319840,130172053.5,3972046109,535031120.8,0,54824038.6,13853987.6,211783066.6,1316461,4585902349,1809407451,3974896715,3060495727,6448189781,3317329636,348205640.4
MS51-16,786-M1A CCM,1,5,120.6779412,304.858701,756953269.6,3072198214,76125404.7,219978652.4,565406728.2,50950619956,43929606.6,204856661,24820868.5,1237619049,3780340084,161542965.3,155702600.7,38586423381,110895977.6,87788453.9,10924265616,2107063030,25045218347,17824211910,249099024.1,1309853.8,43600653.2,243260995.7,542845212.6,2065630821,2078127142,318967568.7,16340977.3,13340062361,20072262.5,771926.3,1125742749,132301.9,1569739,24401264.1,131612115.7,12744358021,5170582030,361976.6,1416907812,581744434.2,740784853.4,105819113.2,2077776378,154272245.4,11517659,0,5071210.2,34832776.9,8451766.7,100914880.2,21369789.1,17206539.2,647561250.5,3051841020,8938528.6,27926295415,131491266.5,4171450642,554821897.9,264998.8,59257667.9,11805106.6,221430415.1,1134250.5,4526162004,1876448130,4266715701,3247903611,6649782125,3436696353,350072192.6
MS51-17,786-M1A CCM,2,5,120.6779412,304.858701,856428143.7,3367225503,71136029.7,209473799.4,547648446.5,52646176375,44538175.8,203404080.5,23883934.9,1324957049,3617736801,164769986.8,151756205.7,39299440548,118507848.4,91117171.4,11227152554,2251679838,26064301017,18537614654,239893518.6,1162463.1,41562913,211903364.3,570749294.9,2122212796,2174725174,343515758.4,17164619.7,13664980117,20517977.2,912499.3,1154354641,107936.3,1206282.6,27086445.6,129756419.8,13533920380,5402566433,491543.7,1459914828,562919862.8,785526411.6,98065661.5,2144696079,171391225,10653072.6,0,5702205.2,33221232.7,14309106.9,93922906.3,21565327.8,22048366.4,677358927.3,3017205641,9154451.1,28934890169,139004237.1,4240673887,548266873.8,231470.7,62759620.1,16837935.2,247576529,1332887.6,4691188528,2029346261,4372091334,3423311958,7162509829,3661773048,380239247.8
MS51-18,786-M1A CCM,3,5,120.6779412,304.858701,796271826,3215063853,64936763.5,189803753.4,484902071.1,49801241726,42850017.1,195827029.6,22267994,1268467436,2484304995,161693252.8,140841620.8,37489201868,105820211.3,89822044.5,10380031539,1976525172,25399376557,18213863319,221321919.6,1339403.9,37441459.4,212373777,536380186.3,2002448347,2035627539,326429147.3,17680842.3,13089646876,20898755.3,832858.6,1158563573,180553.8,1392823.7,24486766.1,124366435.3,12689715546,4934141194,323387.1,1160719337,497807870.8,698452910.1,65465184.1,2014621227,165635647.9,9138061.8,0,4485840.7,32791102.6,7594840.8,59634658.4,19505325.7,17531185.7,631687192,2860176112,7843080.1,27281381400,133113447,3922866226,506428184.2,181197.2,57886196.1,12353534.3,230213549.6,1143763.4,4421890349,1795969756,3997148245,3195128051,6236767300,3312615512,374367101.3
MS51-19,786-M1A CCM,4,5,120.6779412,304.858701,782205039.8,3102504573,59686699.6,197240316.9,473463357.7,49737954199,41944973.5,205829945.8,21245156.1,1257531834,3449591492,156494489.4,144560985.8,37704291764,108082743.4,86350597.5,10356869331,1969206993,25095919321,17669949563,229461240,1108413.7,36975098.9,181369068.2,532007226.5,2041571771,2044601678,304863104.9,16258969.7,12951546021,21843783.8,781458.4,1025984987,193016.8,1598800.8,23414353.1,124342265.2,12434211788,4972918735,388311.4,1365902826,486620800.2,701523939.4,95307443.9,2054220374,174243057.7,9181825.8,0,4761903,31372880.8,7941062.8,88936843.1,20328288.7,15068206.9,619252542.8,2873683764,8356353.1,26993049838,131377819.6,4026966124,533643610.6,181052.8,55576551.2,13929818.7,218103224.5,1104057.3,4458550182,1819205257,4022461318,3109524746,6583281917,3347391594,354380114.2
MS51-20,786-M1A CCM,5,5,120.6779412,304.858701,802849590.5,3172290033,74752976.5,205308841.9,601491116.1,52849430291,44187686.9,208809253.7,23887148.2,1358540319,4014834006,168282438.5,160839038.4,39210576997,105435803.3,90352774.3,11286509541,2183746254,26968481823,18984662914,250604055.1,1373550.6,46072000.3,390277975.5,570010315.6,2152582870,2145128519,341258954,17673571.4,13969809103,21291806.6,759551.4,1197877380,145920,1192468.4,21441036.2,136168028.7,13211934190,5359862676,459486.3,1574928649,614242968.2,769533814.9,108936162.1,2171118411,167553007.2,10859315.8,0,5420390.7,33056330,8332801.8,110654921.1,21237377.5,26392885.6,696152597.1,3059346816,10731666.8,29049993596,142217746.7,4191917618,555545380.3,169195.3,62687305.3,22824069.6,243102583.1,1283493.3,4842491026,2008123253,4356609157,3417793611,6896489371,3599163644,380561127.3
MS51-21,786-M2A CCM,1,3.875,118.168408,369.2863745,816938427.6,3067962686,68238448.8,222159728.9,415993490.6,49299016751,42306083.8,199137822.8,30436801.2,1302803176,2525877805,176298432.1,116837731.2,36721707751,92768743.7,86239503.9,9945161849,1870272646,24873827474,17809447262,220272229.9,834058.9,32361822,181976576.7,554867909.8,1989345980,1846146821,392423796.6,16046275.9,12379204813,21014372.5,1008169.3,1115566560,99716.3,2291899.1,25289836.8,175790187.2,12374668241,4871463567,375337,1136559466,426584001.5,756227167.5,57958815.4,2001491389,155708087.1,8821943,0,4484634.1,31648172.8,9319179.9,45920964.2,13976211.3,19218641.1,589423826.1,2965292655,10627172.1,26746630012,128695935.4,3789224275,499678228,138232.1,63421717.4,18429178,215335938.8,1021605.3,4273926841,1791788216,3929817363,3143481047,5909729188,3275919999,340523470
MS51-23,786-M2A CCM,2,3.875,118.168408,369.2863745,885805000.7,3477824009,80382843.7,243505704.4,544262967.5,52959717010,47443979.9,202295858.8,34661900,1368433744,3815022333,201947702.4,143467142.1,39966285152,105334488.1,90094063.6,11439698362,2150898615,26839426533,19015601132,252083133.9,935370,41215227.6,228987003,624557296.3,2328696871,2225669815,412355334,16815505.4,14026731402,22359102.2,1062451.3,1261053790,169225.9,2822131.8,27916460.7,188622207.7,12823439956,5418713263,442429.3,1502988534,557764439.6,864465653.5,97203954.4,2349894062,164877324.4,11763520.4,0,6775176.4,36893103.7,10744219,92969963.2,14811879.7,23033861.9,691480352.4,3274465864,13465464.8,28753859687,146059955.9,4374337723,530486161.9,0,75017137.3,15891493.8,245036916.5,1144467,5122168137,2090988385,4428196906,3605480887,7240057488,3777262400,394537356.8
MS51-24,786-M2A CCM,3,3.875,118.168408,369.2863745,811768249.8,3263829329,81046932.5,254731697.4,554260354.7,55883003442,47724857.2,209497829.2,35498271.5,1406912192,4183411743,209265313.5,153338998.8,41111664477,111659455.5,92308760.2,12121106943,2217696706,27385107022,19583049859,270221979.7,871025,42841086.4,223929713.7,617602679.8,2407558814,2259602400,423687003.1,17348286.1,14620037893,24265764.5,795544,1146622671,243708.8,3332097.9,29787521.5,200215676,13268051583,5578104227,482996.9,1573478783,568225805.1,908167949.7,109329503.3,2425683239,173676437.4,11627243.5,0,6452781,36513591.9,9673318.1,94734942.1,15398239.7,16355253.1,715234128.9,3465003116,14035600.3,30233247668,153984397.8,4555338425,572663340.7,186005.8,76556470,14679442.2,256254989.9,1264215.8,5103864529,2236223340,4751285783,3681263995,7340372097,3928074076,399481437
MS51-25,786-M2A CCM,4,3.875,118.168408,369.2863745,759402911.5,3116430899,72724772.8,242486561.2,500416354,52586688505,44514871.8,205995450.3,27634463.2,1317015602,3968216620,195393961.8,145935806.9,38954574372,104363364.4,89866924.4,11181348126,2079667371,25632153417,18023478366,260676240.5,962766.3,38306806.8,203699751.3,591444606.1,2270108145,2164433498,386916851.3,15053900.2,13760916843,22800102.3,934991.5,1170116118,0,2907348.4,27070874.1,185621722.6,12396758325,5345672785,524499.6,1527238408,513274569.4,864152279.8,100133204.1,2284597095,167261449.4,11192591.5,0,5576865.4,34485595.8,7780882,80786736.2,14565773.7,14986799.2,670547245.5,3394821480,12400361.8,28212169118,144218402.7,4274735053,560811030.8,303451,70191141.2,11889447.6,228780809.9,1258137.8,4737931365,2032596866,4472231165,3417183858,6827997655,3687439372,371047318
MS51-26,OSRC2 CCM,1,3.825,118.168408,229.3156319,758124731.9,3165068173,66494663.2,127707338.6,298880607.8,53238790307,45037734.2,203141933.2,22518276.2,1160476542,4088669280,182501118.1,158200011.4,38826241515,94898806.9,92824230.9,11541906983,2367874082,24966879270,18515625277,229018301,729256.2,22410155.7,347784773.9,654986358.6,1952689510,3048146703,336851835.8,16031454.9,14096733201,23733976.9,949789.7,1211861110,170204,2395396.2,21564716,86566524.6,12269920803,6290604767,883582.1,1575317799,311073567.9,825118295.5,103292351.5,1964466089,189298522.7,9198193.6,0,3533648.1,37036815.3,13333462.9,107637578.1,5822133.3,38485221,705242473.9,3529758604,21594735.1,28106243311,135260024.7,4606845393,348974332.1,313503.7,86408853.4,19189093.4,298461633.5,1237951.7,4981090572,2196533806,4673711114,3688737694,7221034788,3936660166,390701082.7
MS51-27,OSRC2 CCM,2,3.825,118.168408,229.3156319,788169982.6,3096800265,79382747,135880374.9,350603467.6,55434484390,49041642.1,212300566.4,20603008.2,1204630540,4520258189,189833535.4,175035917.4,40187530284,108148810.1,90962548.7,12033031322,2494522832,26092339767,19126091434,243614311.2,751209.7,26451054,240073415.8,697769018.9,2098495996,3264833170,355417653.4,17554560.8,14874765379,26190840.6,976873.6,1277496401,145996.5,2175970.6,27363176.2,87469388.7,12442080257,6702270107,846279.1,1748374046,365712626.7,907221061,115934811.6,2110932568,179995294.9,11102816.9,0,4774616.7,38782555.5,15946834.1,132170467.6,6212768.5,34742290.8,706073203.9,3577290015,24564446.3,29163116997,148520655.7,4819062129,350804702.3,332759.6,92936598.6,15513640.8,313563865.4,1872925.7,5047822584,2446154163,4959890239,3886948433,7427264749,4245012878,384960894.5
MS51-28,OSRC2 CCM,3,3.825,118.168408,229.3156319,799185819.6,3274297683,99831774.7,140199832.6,463696962.4,57153182981,50247072.1,223998951.5,26011877.5,1286681910,4887626876,199920578.2,190698780.9,41271340956,110834892.4,95957944.4,12661041846,2679136463,28205105757,20146923584,267971575.4,624097.3,35080051.6,276733326.1,736225732,2188728011,3390843129,401199662.6,18457971.5,15820956884,27721799.6,947401.4,1406076879,226791.1,2637919.4,30471654.1,89719196.4,12456849057,7002005672,1011255.2,1937664707,481617698.7,993662197,121774353.7,2205997191,168315911.7,12510936.5,0,5416759.7,44544657.3,16935978.4,179410422.2,5785267.7,33974994.8,752008296.8,3923649074,26177584.4,30545596816,155141207.9,5060933153,356950638.2,228623.1,106034117.8,18603179,317002948,1643591.3,5479764032,2537811276,5161757046,4192694569,7639780386,4483773111,401562086.9
MS51-29,OSRC2 CCM,4,3.825,118.168408,229.3156319,820554772.1,3250643290,83021563.5,126994354.3,407958465.6,57264571365,48466905.1,218441972,22690518.2,1244424788,4636720271,204018560.8,190622478,41283050207,112717413.4,94883489.3,12490580243,2614422607,27221610854,19826956291,256185038.1,560981.1,31014085.8,270088238.4,740752808,2187315215,3422143259,377775444.5,17191243.9,15550653737,26254785.3,1076874.9,1321850478,199442.1,2273120.9,30117557.3,89715377.1,12587497904,6947483502,983657.8,1867376775,421960478.6,1003015965,121621102.1,2205474402,185354963.4,11612881.9,0,5825006.7,43317881.7,15249065.5,160154263.6,5722426,33726286.6,754545779.1,3872557183,26079525.3,30803607575,157776897.6,4970261280,351595865.2,288211.2,96473380,19955622.2,321781495.9,1243677.3,5540811508,2478076729,5111636616,4136262477,7626084331,4415327240,408929777.9
MS51-30,OSRC2 CCM,5,3.825,118.168408,229.3156319,807779396.5,3227322171,59927205.1,125080684.4,313389407.3,55595142210,49307216.4,214936346.8,21192234.1,1230853787,4340555081,192340021.3,164591729.9,40034341797,104954245,90302597.8,12301249406,2412049546,26847188031,19582949134,230096113.2,516433.2,23996532.7,238292126.3,716564696.9,2088319557,3303123009,359462008.7,18278263.9,15211240544,25495443.9,911545,1339889355,224977.1,2364026.5,27709453.3,86425684.1,11724867278,6592263339,1044278.9,1671797617,324087351,965944149.8,107926538,2104052253,194835933.7,9841284.3,0,5190402.7,41629110.6,15004293.7,123044409.6,5302897.1,29606123.5,720784538.8,3762307132,21824511.8,29545503771,148516759.4,4938870910,330521885.2,312692.7,92781558.2,15837430.7,307613555.7,1082056,5444444148,2428205274,4949625642,3957227645,7359836674,4313675898,404474152
MS51-31,OSLM1B CCM,1,4.3,88.76402431,238.0439107,790870942.7,3089557414,52213567,105135958,251514868.7,53396424709,45283599,210335765.4,27020186.1,1136562889,3008098815,189699625.8,185075660.2,39882609339,146152462.8,93403678.1,13545649396,2399094572,25236293619,19613097124,260474266.8,377263.9,19254753.1,228954392.3,812453354,1989313169,3329497638,319698955.2,16995820,14437770618,25567132.6,869527.1,1416759489,200462,3867689.9,26869611.3,67759327.8,9005579329,6843896634,741759.6,1427352774,262362373.5,1061951751,65609668.1,2001086019,177421095.2,9074233,0,4192835.1,41976370.3,13859207.2,49374789.7,8876163.7,33881565,692371901.5,3711781337,31488505.7,27953085949,170500172.5,4797137450,477287541.2,191115.7,93921565.4,11804800.1,279247466.6,1011489.3,5152911807,2382726002,4741504594,4013198975,6774983785,4137196991,423582101.9
MS51-32,OSLM1B CCM,2,4.3,88.76402431,238.0439107,832526017.9,3200593451,73271050,113941684.6,347521655.3,53016467850,49739067.1,218451385.9,26430369.9,1217521231,4430532327,200182783.7,215585041.1,40349292210,151719938,91371849.7,14219947670,2539147956,26625202663,19333151788,292613052.5,524132.2,26371678.7,310734533.5,820026770.3,2154009231,3496333200,343925849.9,18819962,15413696861,24680171.1,1020515.2,1491002792,201209.3,3808243.6,24994627.8,73181950.1,9777891298,7042893061,793825.4,1715735999,360247053.1,1052655716,109607703,2170896090,176015429.3,11509979.7,0,5789029,43969930.8,14113536.1,109091986,9916624.1,40522626.6,720526891.2,3880092781,34017732.7,29994709176,167909188.4,4975994274,540015496.9,349358.9,98842239.2,21196848.5,297933185.1,1516344.1,5628871286,2515328173,4929322918,4066215881,7476654573,4307919675,415361755.7
MS51-33,OSLM1B CCM,3,4.3,88.76402431,238.0439107,826027977.6,3197496501,64991162.6,121799603.2,374102936.1,55610604726,52256776.2,219388424.3,29289090.8,1259549622,4867380776,206130542.1,226887494.6,41215907995,163925877.3,94972666,15347851463,2589604856,27250408570,20181152765,308127563.2,576631.6,28146196.8,261937881.8,828743503.1,2222937633,3575650013,355703570.5,19077946,15930835895,27004765.7,1084472.4,1519545541,272190,3763894.8,29503511.3,80153117.8,10414366765,7278479144,876230.5,1871952361,386694378.9,1098453835,123516389.9,2240475423,178484213,12353842.5,0,5814804.4,44098194.9,15784634.8,118718533.6,9411322.4,35464706.3,757922037.6,3960843631,34716147.2,30719532321,185906798.1,5302069484,568975573.4,292713.3,98933977.6,13623244,312638884.3,1700150.9,5650747103,2581775711,5259924882,4378484290,7676879372,4637353228,435101967.6
MS51-34,OSLM1B CCM,4,4.3,88.76402431,238.0439107,799920789.8,3044023466,70419569.6,112731646,376764019.8,53200322302,48316480.4,220851727.1,25452936.3,1195297089,4718688515,194490759.7,215612088.7,39876969924,147121443.7,91034487.6,13924160847,2476018755,26462694600,19255746107,290186664.8,526166.7,28436893.9,250132075.6,810500190.7,2099137896,3431817268,326360024.3,18099885.9,15351687530,24960304.6,1002471.9,1423412468,237684.2,3588909.2,27169055.3,71463107.4,9420831978,7049653282,814128.7,1770792493,390258343.4,1070561631,114120934.4,2116617496,166027526.6,11529294.3,0,5586295.2,43548834.9,14733216.6,121971649,9679152,33060452.3,709534858,3839430414,32073748.5,29359886365,170890274.2,4996513700,513516064.3,253324.5,97476633.5,14679435.7,284135827,1313844.6,5640465349,2478198063,4991469020,4009270689,7150496133,4392447947,418782924.5
MS51-35,OSLM1B CCM,5,4.3,88.76402431,238.0439107,778603996.2,2988505785,72721853.9,126428499.5,356923471.3,56137297532,51523354.7,213047613.2,25830061.6,1283063004,4750549012,212493791.9,226574472,41983255564,169302303.5,97920556.5,15540213582,2547474436,27950369230,20870231450,307193894.3,652527.5,27150801,263630816.7,825460705,2257312295,3651389159,344168020.1,18769423.5,16088845058,27706393.6,953260,1506409310,180238.1,3999981.1,27856534.3,76502874.4,10349643384,7398376035,884939.1,1888211038,369083170.4,1100978742,114776720.4,2272420725,182832670,11826724.5,0,6026110.7,46231851.2,15739736,106586879.6,9886982.7,34470816,763365410.1,4113314739,30334637.7,31030775282,188830115.6,5365916342,593225415.3,358215.2,105585878.6,16816930.2,320015634.5,1425304.4,5684977062,2717708870,5377965640,4376199067,8060416354,4632494515,450213783.3
MS51-36,RFX631 CCM,1,4.5,79.87660442,255.3658104,775306804,3130454176,79213649.7,157539644.8,457103931.9,52885164548,43587166.8,216097127.2,28306172.8,1192687194,3777294713,143565827,101993264.7,38558635091,90504030,88611910,10353561860,2309170992,25088607907,18072304577,182540806.3,1867187.9,33811932.4,266179698.4,549773137.1,1710033832,2835666323,330995045.2,16334330.3,13704229969,22495262.3,812391.6,1201235412,89924.8,3273590.1,26263875.6,127556955.1,14186243808,5772607587,1000816.5,1540750377,473343576.1,756848909.8,99189270.8,1724521575,145280855.1,48855818.5,453622.1,6490146,38316919,13806506.2,104298053.8,7326492.4,38653287.1,648899696.4,3373598970,36663756.9,27667862646,141540480.2,4478618868,176963526.5,432085.2,78187642.7,14918039.9,225045660,1341589.9,4512004399,2093949033,4518947234,3546105780,6856988585,3796228124,326227302.4
MS51-37,RFX631 CCM,2,4.5,79.87660442,255.3658104,848533964.4,3483591395,63960830,137072106.9,377207339.7,56788757494,48418988.4,207402760.5,24796689.1,1257280202,4012600766,161808550.5,96064860.3,40213381498,98015472.3,94646329.6,11643834500,2423555416,26246827360,19547431346,189321800.2,2132997.3,29050206.5,261181383.7,613487517.7,1916119542,3203910773,349706680.6,17884888.9,14503068596,24527384.9,772684.7,1266756766,127245.7,4153962.7,29199549.3,133422337.9,15309398195,6407405025,1062017.2,1635781256,389093668.8,883966527.8,107854586.4,1934132144,200992998.7,40779850.5,172336.5,7639706.3,39135403.6,17460760.4,106237314.2,7494433.4,46509606.4,713693975.4,3548361528,37334395,29222855901,152871803.2,4949728073,195883733.7,356961,87385923.7,20086294.4,259429337.6,1445971,5033945175,2219295642,4971561143,3904930971,7594669261,4170955138,383332689.3
MS51-38,RFX631 CCM,3,4.5,79.87660442,255.3658104,803005108.4,3109702081,54479974.7,126161593.3,306029267.8,56539677399,48409831.7,203389532.6,22506241.3,1257814744,2801782577,151987964.8,76685882.6,40514264467,96468608.6,91465451.1,11125100948,2283757130,26862281600,19423217508,168758502.4,1875783,23693097,261734682.9,608292380,1780104500,2952742735,352815867.2,16687852.8,13901076678,23496939.6,816212.8,1295148435,133184.5,3929920.7,27589258.3,133743900,15750691954,6180639865,1037676,1396289646,317072012.1,804499240.2,68227598.1,1792061445,202376892.2,33166118.2,165441.9,7023428.9,39565446.7,13090962.2,63190685.9,6787381.6,37954296.9,693014221.9,3597147034,37149865.5,28528055053,151520743,4582768759,188463791.4,114857.7,77731990.1,13486400.1,249303291.1,1354210.2,4733776043,2070517674,4742558654,3811566422,6548735435,3879421799,370976743.7
MS51-39,RFX631 CCM,4,4.5,79.87660442,255.3658104,780697869,3099364502,67156630.5,134076543.2,355840497.2,55327590211,49768832.6,211033628.9,23044907,1318920507,3755929222,158812768.3,85407424.4,40218950600,95914311.5,90228034.6,11074963166,2328088540,27923435827,19679298757,169135107.2,1983651.2,27930607.4,280017175.3,586097470.6,1874747046,3077868135,368795101.4,16124441.2,14459577002,23611427.1,780568.2,1291817456,191554.1,3436489,27682611.3,128930096,15584573874,6183511937,964429.6,1551817580,369246566.1,818306535.6,100323757.4,1896115984,212369332.8,35579630.5,183243.6,7812433.2,39221733.3,14696886.2,110603296.1,7393706.8,41407867.9,706429900.2,3437086552,38576180.6,29250735528,150456196.5,4773221058,189292012.6,213991.2,75091988.7,17420406.6,267297767.9,1259158.8,4904472222,2106028639,4784856309,3850328407,7059176098,4046838822,376698533.5
MS51-40,RFX631 CCM,5,4.5,79.87660442,255.3658104,892817858.2,3492780104,83122786.3,137435583.9,408998389.8,61480066768,53331567.6,206457993.2,27093228.8,1371024864,3312438731,171680608.5,102205585.6,42310787132,109566883.8,97820412.2,12528088383,2564241380,28932702727,20969672379,206128760.1,2172769.8,31079566.7,299458423.1,649380546.6,2044034238,3314744244,393169997.5,18641437.2,15401270588,27049136.5,674830.6,1305657282,126658.3,4025467.3,32864561.3,139369287.7,16622257303,6786794490,1163127.4,1642936710,423620264.2,934958054.4,85208266.1,2060388704,206628927.8,40249320.1,250664,8663527.8,43772024.8,18512706.5,96638205.6,7458714.7,52580743.4,788403261.8,4061207936,43200972.1,31537796901,169507845.9,5228013850,204849130.8,282389.1,91600747,26015403.1,294437640.7,1795463.7,5018996902,2447552986,5395997187,4364634208,7919530328,4390691487,425527535.8
POOL2,Pool,1,NA,NA,NA,779823686.2,3124510042,75894249.94,146252919.9,526250065.5,54188271620,44813939.11,215432614.1,44001025.74,1294595469,3261076151,171998280.5,178604791.8,39266195008,111724679.2,91241863.28,11406254217,2329015865,26080475039,19122336315,257075560.6,1044427.724,38683337.54,276856816.6,719145256.8,2051726489,2704799868,351504038.6,17077791.28,14596257360,23345812.55,934751.0375,1265863409,137510.4898,109004428.7,28153153.14,116644775.5,11112960460,6185412261,1489831.882,1419063957,541777477.7,975443948.6,75619393.04,2063470829,168222623.7,48103770.92,178748.2445,6379096.437,40954918.76,17843271.06,73666047.02,10599681.18,74594998.8,690231752.2,3525781331,21748440.17,28868659721,150478104.4,4335336751,416017502.5,449130.9768,84967617.07,40757227.17,263966083.7,1250991.096,5188277753,2283930013,4524172509,3798251982,6968785584,3845065488,388382145.8
POOL3,Pool,2,NA,NA,NA,807711721.6,3165200560,74234217.98,154627525.3,476633982.1,53995739777,47575109.8,212062862.6,33672327.67,1309568508,4106241182,176933820.2,173412373.6,40086355540,112117438.6,91512976.9,11707290709,2292313305,26641495219,19410319741,245133814.3,1021377.382,36491213.3,260109195.5,729901220.6,2065921670,2795402011,359125910.7,18287002.26,14573152735,23420915.08,943951.4481,1295104854,213883.1081,109671947.3,27322201.95,114426591.5,11335256356,6353952743,1733825.884,1595720996,493329052.6,1029435090,97540188.92,2085296510,178888784.7,46391528.38,91646.94398,6056876.017,39003799,17099932.49,128967626.3,11126397.75,75497727.88,689400768.4,3586556657,19697509.5,29288632188,149582442,4462781859,423446218.5,213149.6513,86184270.99,40789546.72,272677894.5,1348487.283,5340659135,2303066175,4703310531,3795973701,7065455678,4079439912,379985524.7
POOL4,Pool,3,NA,NA,NA,778462015.3,3182649291,74752101.62,152278248.5,503495291.9,53017481890,46953233.81,212583325.5,29073405.64,1266307997,4475381184,177277729.1,183893906.7,38968710605,112390430.9,91113550.69,11548725525,2307479679,25449145899,18962811892,256705907.6,995655.9779,38415736.88,264188911.7,711931494.6,2082084776,2753324535,338511037,17851923.73,14508346887,21051217.26,923689.6071,1253697049,243518.5749,107503573,27273847.34,112966768.8,11091705347,6261097951,1490087.897,1664998049,521796508.3,1007562238,111837391.3,2097839005,169649351.8,47394540.32,51285.48402,6946989.994,38528011.49,17555796.19,158149138.8,11132715.17,72514511.59,684038160.4,3542155626,19260270.83,28384597123,150173789.4,4391903577,433392957.3,319571.6323,82737890.22,40478835.03,254989828.5,1226700.604,5230834630,2390221762,4679197464,3734048513,6965919467,3921498082,376727929.3
POOL5,Pool,4,NA,NA,NA,780803463,3081192435,64717989.79,154060566.8,412505640.2,53129593152,45738496.93,208431463.7,27521324.44,1276642985,3932291386,173745937.9,164218976.1,38528690672,111441032.1,90741078.4,11441163299,2201607850,24978983847,18508787539,238816274,1090462.526,31719344.14,249646660.5,689958832.4,2019290974,2712313143,329378850.4,15370061.94,14207579268,23131085.14,829822.412,1188621752,228937.2831,104193730.3,27415679.59,115059636.1,10937120988,6139466595,1474169.903,1513798760,427097334.3,985558086.3,98010091.16,2033874635,177614806.8,43081002.75,50302.57742,6213268.905,37739100.13,17597315.03,114696129.7,10703731.68,71986652.11,679244997.4,3522910987,19313680.65,28088590888,146489854.2,4355951184,412852221.7,280681.2454,79674296.76,38388151.47,258568304.5,1355999.713,5173834430,2196250308,4595666439,3656441164,6924434067,3944107939,369318337.5
POOL6,Pool,5,NA,NA,NA,772719165.8,3147060332,66786852.4,157674891.8,456727029.7,52531786925,45304736.39,212595569.8,25976553.98,1275572655,4313810608,179338278.6,181235426.8,39370822046,110857709.8,92263514.45,11677473080,2282713582,25457264500,18722486643,256147883,973745.0171,34813945,242008685.5,687874897.2,2095234779,2779045910,337884709,16209895.17,14648644136,22181730.54,928054.962,1275682209,233647.342,109798446,27986175.74,113620433,11075556630,6246517298,1428211.835,1629497887,471525465.7,1005860558,109613158.2,2107322222,176197033.2,47289491.04,35559.62671,6897670.004,37697669.78,16704820,132098719.7,10820001.11,70851390.86,673588471.1,3508800790,18028271.63,28597936433,149209304.1,4299235806,412929463,205046.6535,83829163.56,38209090.76,260472705.9,1014742.311,5075082482,2271099651,4655081399,3700293240,7106126732,3884786862,367535865.9
